abajur	237
aç	81
accent	1489
access point	421
accessories	5663
accessory bundles	76
accord	951
acess point	60
açık ağız anahtar	62
açık tip	274
açma	100
açma kapama	211
acur	104
ad	174
ada	193
ada ilan	389
adapters	772
adaptör	467
adaptors	254
adet	101
adıyaman ilan	59
admire	182
adorn sheet	92
aforizma	91
aft	62
afyon	53
afyon ilan	99
ağ	2111
ağ aksesuarı	83
ağ kablo	119
ağ network	336
ağ ve modem	103
ağaç matkap ucu	104
ağda	207
ağıla	106
aging	226
aging serisi	146
ağız	104
ahşap	173
ahşap oyuncak	446
ahtapot	72
aile	1751
aile çocuk	941
aile hayatı	143
aile kamp çadırı	54
aile kitaplığı	689
aile ve çocuk	52
ak	309
aka malzemesi	119
akademik	229
akıl saç	104
akım	187
akım trafosu	178
akma	82
akneli sivilce cilt	56
akort aleti	60
akrobasi	177
aks	153
aksaray	57
aksaray ilan	99
aksesuar	25156
aksesuar bayan giyim	91
aksesuar bebek	65
aksesuar çanta	356
aksesuar deniz aracı	81
aksesuar figür	74
aksesuar kablo	202
aksesuar kamera	76
aksesuar otomobil	794
aksesuar oyun	144
aksesuar oyuncak	93
aksesuar pil	62
aksesuar sağlık	119
aksesuar şapka	87
aksesuar serisi	53
aksesuar seti	84
aksesuar store	184
aksesuar t	96
aksesuar ve ekipman	145
aksesuarı	7224
aksesuarı projeksiyon cihazı	81
aksesuarı projeksiyon perdesi	88
aksesuvar	152
aksiyon	3021
aksiyon macera	674
aktif spor	77
akü	559
akü amper	67
akü araç	638
akü bisiklet	58
akü darbe matkap	73
akü el aleti	539
akü istif makinası	66
akü malzemesi	73
akü şarj edici	59
akü takviye kablosu	114
akü vidalama	247
akustik gitar	195
akvaryum	2101
akvaryum aydınlatması	118
akvaryum bakım sağlık	207
akvaryum bitki bakım	106
akvaryum dekoru	124
akvaryum filtresi	143
akvaryum hava motoru	62
akvaryum motoru	107
akvaryum tatlı su	1654
akvaryum tuz su	207
akvaryum yardımcı	52
akvaryum yedek parça	87
al	178
al bant zımpara	79
alarm	1210
alarm sistemi	72
alarms	271
alarms security	56
albüm	435
alchemy	281
aleti	1286
aleti aksam	120
alevilik	172
alfa romeo	594
alıcı	79
alkali	413
alkali pil	102
alkol içecek	686
alkolsüz içecek	203
alkolsüz koku esans	67
alkur ak	92
allen anahtar	125
allık	591
allık fırçası	168
almera	241
alt açma minderi	104
alt emniyet kemeri	88
alt giyim	84
alt giysi	195
alt rotil	77
altea	92
alternatif	313
altı	83
altın	369
altın alyans	201
altın bileklik	164
altın bilezik	62
altın kolye	226
altın kolye ucu	183
altın küpe	184
altın satışı	106
altın takı	245
altın yüzük	448
altın zincir	58
alto	199
alyans	201
ambalaj	126
ambalaj malzemesi	77
amblem	128
amfi	374
aminoasit	65
amortisör	598
amortisör ön	359
amplifikatör	94
ampul	1684
ampul çeşidi	2300
ampül park	387
ampül stop	234
ampül tavan	204
ana	798
ana halı	117
ana kucağı	1531
ana kucağı kg	51
ana yatak	263
anahtar	2334
anahtar çeşidi	636
anahtar otomatik sigorta	57
anahtar priz	51
anahtar priz çeşidi	1271
anahtar ve allen	106
anakart	5864
anakart destek	173
analog	112
anaokulu	168
anatomik spoi	395
anayasa	270
anfi	316
anı	1137
ani figures	114
anı mektup	1626
animation	236
animation gadgets	67
animation models	76
ankara	480
ankara astra ilan	59
ankara civic ilan	63
ankara corolla ilan	59
ankara ilan	985
ankara megane ilan	70
ankara serisi ilan	100
ankastra armatür	78
ankastre	1290
ankastre armatür	209
ankastre aspiratör	57
ankastre bulaşık makinesi	131
ankastre çamaşır makinesi	112
ankastre davlumbaz	225
ankastre fırın	355
ankastre halojen armatür	78
ankastre ocak	386
ankastre set	280
ankastre tesisat malzemesi	110
anlatı	1824
anne	16498
anne baba	78
anne bakım	168
anne çantası	105
anne ve bebek	2030
ansiklopedi	54
antalya	136
antalya ilan	266
anten	1172
antifiriz	118
antigron kablo	55
antik eser	194
antika telefon	52
antioksidan	95
antivirüs	1478
antivirüs programı	110
antoloji	207
antrenman malzemesi	88
antropoloji	200
aparat	136
aparat adaptör	185
aparatı	69
aparatı cam filmi	214
aparey	76
aplik	229
aplikatör	105
apparel	419
apparels	2205
applause	112
ara	1106
ara aks	673
ara aksesuar	984
ara bat	51
ara i aksesuar	821
ara tipi navigasyon	72
araç	157
araç bakım	317
araç dışı aks	228
araç dışı aksesuar	5064
araç güvenlik sistemi	1728
araç içi	93
araç içi aksesuar	5096
araç içi aydınlatma	56
araç içi navigasyon	618
araç navigasyon cihazı	58
araç özel	197
araç özel film	831
araç özel navigasyon	54
araç parfümü	63
araç teknolojisi	104
araç tipi	106
aranjman	133
araştırma	9175
arazi aracı	794
arena yüzücü malzemesi	143
arındırıcı	72
arka	419
arka amortisör	338
arka cam perde	202
arka fren hortumu	61
arka fren pabucu	150
arka tampon	90
arkeoloji	502
arma	687
armayı	416
art	73
arzu	279
as	257
asetat	161
asetat kalemi	141
aşındırıcı taş	706
aşk romanı	336
askeri	147
askı	81
askı aparatı	163
askısı	71
asma aparatı	60
asma koku	365
aspiratör	148
aspiratör vantilatör çeşidi	60
astra	1100
astra g	335
astroloji	263
astronomi	133
at	425
ataş	58
atatürk	565
ate	204
ateş ölçer	353
athlon	105
atı	359
atkı	55
atlas caraskal grubu	53
atlas zımpara	58
atlet	2217
atlet kilot boxer	179
atletizm	63
atölye armatürü	119
attachments	127
av	667
av equipments	450
av fişeği	75
avcı aksesuarı	71
avenue	173
avien	743
avize	251
avize çeşidi	146
avize mum	88
avize ve sarkıt	99
avrupa birliği	161
avuç taşlama	144
avusturya edebiyatı	130
ay	1149
ay oyuncak	1076
ay oyuncak tim	55
ay üzeri	85
ayak	258
ayak ağırlığı	70
ayak bakım	121
ayak bakımı	231
ayak bakımı el	81
ayak bakımı tırnak	94
ayak koruyucu ped	175
ayak törpüsü	78
ayak yazı tahtası	161
ayakkabı	5699
ayakkabı bandana	74
ayakkabı bay spor	87
ayakkabı bere	74
ayakkabı çanta	202
ayakkabı çanta spor	99
ayakkabı eşofman	161
ayakkabı giyim mont	72
ayakkabı giyim t	336
ayakkabı günlük spor	428
ayakkabı halı saha	86
ayakkabı mayo	130
ayakkabı şapka	77
ayakkabı t	183
ayakkabı yürüyüş ayakkabısı	65
ayar bilezik	69
aydın	80
aydın ilan	140
aydınlatma	7789
aydınlatma aplik	51
aydınlatma armatürü	1469
aydınlatma avize modern	105
aydınlatma direği	101
aydınlatma grubu	1235
aydınlatma sistemi far	135
ayna	2520
ayna kapak seti	73
azınlık	357
baba	79
baba kitaplığı	138
babet	72
babolat	235
badminton	84
bagaj	550
bagaj aksesuarı	192
bagaj amortisörü sağ	100
bagaj havuz	77
bagaj havuzu	201
bagaj sistemi	156
bağlama	136
bağlantı	1411
bağlantı ekipmanı	194
bağlantı elemanı	70
bağlantı hub	58
bağlantı parçası	85
baharat	84
bahariye halı	54
bahçe	1529
bahçe aleti	564
bahçe aleti aksesuarı	109
bahçe armatürü	72
bahçe el aleti	54
bahçe makinası	116
bahçe malzemesi	531
bahçe mobilyası	134
bahçe mobilyası masa	52
bahçe oyuncağı	179
bahçe sokak aydınlatma	536
bakım	3023
bakım cilt bakımı	412
bakım dermokozmetik	557
bakım el	342
bakım gereci	64
bakım göğüs bakımı	53
bakım kremi	74
bakım malzemesi	54
bakım saç bakımı	99
bakım selülit	162
bakım seti	83
bakım ve sağlık	228
bakır	51
bakır kablo	378
balaklava	89
balanser	65
balast	95
balast trafo kit	318
balata	300
balata fişi	52
baleno	86
balık	1480
balık aksesuarı	61
balık akvaryum dekorasyon	62
balık akvaryum süsü	54
balık yemi	396
balıkesir	53
balıkesir ilan	118
bandana	88
bando malzemesi	59
bankacılık	86
bant	211
bant armatür	140
bant floresan armatür	52
bant makinası	66
banyo	3674
banyo aksesuarı	812
banyo dolabı	65
banyo ekipmanı	187
banyo gereci	427
banyo grubu havlu	114
banyo halısı	218
banyo şampuan	60
banyo ve sağlık	1387
bar	212
bar phones	238
bar restaurant malzemesi	179
barbekü	63
bardak	1143
bardak takımı	98
barkod	3021
barkod el terminali	339
barkod okuyucu	1393
barkod okuyucusu	1176
barkod otomasyon	81
barkod yazıcı	469
barkod yazıcısı	752
bas gitar	229
bas gitar teli	56
basamak yan	304
basic	60
basic giyim	589
basketbol	480
baskı	507
baskı çözümü	8883
baskül	67
baskül tartı	244
başlık	135
başlık yayı	80
baston puset	67
başvuru	5800
başvuru kitabı	57
başvuru sağlık kitabı	128
batarya	529
batı felsefesi	475
batman ilan	77
baton	68
battaniye	206
batteries	2136
battery	98
battery black	72
bavul çanta	64
bay	486
bay active	165
bay ana	75
bay edifice	277
bay g shock	60
bay kol saati	106
bay metal	111
bay saat	560
bay standart	152
bayan	3406
bayan analog	52
bayan atlet	161
bayan ayakkabı	122
bayan basic	182
bayan çorap	1512
bayan deodorant	946
bayan deodorantı	139
bayan g	95
bayan giyim	2565
bayan gözlük çerçevesi	373
bayan iç giyim	7022
bayan kol saati	7412
bayan metal	71
bayan özel	254
bayan parfüm	1804
bayan parfüm parfümü	154
bayan parfüm set	234
bayan parfümü	2500
bayan pijama takımı	78
bayan saat	646
bayan saati	843
bayan sezon	84
bayan sheen	153
bayan spor	66
bayan spor ayakkabı	58
bayan standart	114
bayan stick	92
bayan t	139
bayan terlik	58
bayan ve külot	136
bayan yüzük	277
bayrak	61
bayram	69
baz	83
be	100
beaute	295
beauty	991
bebe body	55
bebe grubu	306
bebe koltuğu	93
bebek	38240
bebek aksesuarı	606
bebek albümü	65
bebek ana kucağı	69
bebek bakım	384
bebek banyo	118
bebek bardak	54
bebek baston puset	55
bebek beslenme	216
bebek beslenme gereci	395
bebek bezi	286
bebek bisiklet	59
bebek çantası	68
bebek çocuk giyim	80
bebek diş	57
bebek emzirme	457
bebek giyim	851
bebek giyim şort	82
bebek grubu	62
bebek güvenliği	261
bebek güvenlik	165
bebek kitap	606
bebek kozmetik	268
bebek lisans	55
bebek maması	79
bebek müziği	166
bebek nevresim takımı	69
bebek odası	1319
bebek odası aksesuarı	62
bebek odası tekstil	97
bebek oto koltuğu	225
bebek oyuncağı	795
bebek özel kitap	55
bebek saç şampuanı	57
bebek sağlığı	76
bebek sağlık	98
bebek şampuan	56
bebek taşım	299
bebek tekstil	965
bebek telsizi	64
bebek ve	76
bebek ve çocuk	85
bebek ve figür	669
bebek ve peluş	85
bebek ya	69
bebek yağı	103
bebek zeka gelişimi	97
bebek zeka seti	54
beetle	198
beige	65
bekleme	76
bektaşilik	97
bel	144
bel korsesi	86
belde bağlama penis	73
belgesel	109
belki	101
belleği	2871
bellek	11472
bellek belleği	96
bellek kartı	235
bellek ram	559
ben	54
ben lisans	63
bentını	156
benzin bidonu	94
benzin filtresi	64
benzinli	106
berber aksesuarı	75
berber makası	115
bere	279
beş mevsim çadır	66
beşik	193
besin destek	502
besin hazırlayıcı	139
besin takviyesi	81
beslenme	3876
beslenme aksesuar	66
beslenme aksesuarı	203
beslenme biberon	153
beslenme biberon emziği	120
beslenme gereci	415
beslenme önlük	97
beslenme ve emzirme	519
beslenme yalancı emzik	89
besleyici	64
besta	159
beton kesme	73
beton matkap ucu	239
beverage	230
beverly polo	119
beyaz	1817
beyaz cam	194
beyaz eşya	5596
beyaz eşya buzdolabı	109
beyaz eşya klima	52
beyaz ışık saat	52
beyaz kordon	177
beyaz kordonsuz	244
beyaz lazer yazıcı	158
beyaz seri aksesuarı	222
beyaz yazıcı	97
beykoz camı	54
bez	250
bez buz	173
bez ve	52
biberon	809
biberon bardak	58
biberon emziği	520
biberon maması	162
biberon ve emziği	265
bibliyografya	64
biblo	654
bıçak	267
bıçak bora bıçağı	62
bıçak çakı	182
bıçak çakı ve	202
bıçak çatal kaşık	60
bıçak modeli	83
bıçak seti	116
bıçak takımı	77
bıçak ve takımı	140
bienal	134
bigudi	108
bijon	54
bijon anahtarı	133
bijuteri	3369
bijuteri kolye	161
bijuteri yüzük	87
bikini	637
bikini mayo	90
bileklik	762
bilezik	673
bilezik ayar altın	92
bilgi felsefesi	74
bilgi teknolojisi	2048
bilgisayar	55589
bilgisayar aksesuar	3230
bilgisayar aksesuarı	196
bilgisayar bileşeni	5466
bilgisayar bileşeni anakart	312
bilgisayar bileşeni bellek	233
bilgisayar bileşeni cd	85
bilgisayar bileşeni disk	187
bilgisayar bileşeni hafıza	126
bilgisayar bileşeni işlemci	113
bilgisayar bileşeni kasa	249
bilgisayar bileşeni kasası	275
bilgisayar bileşeni klavye	864
bilgisayar bileşeni kulaklık	74
bilgisayar bileşeni modem	115
bilgisayar bileşeni monitör	104
bilgisayar bileşeni player	127
bilgisayar bileşeni projeksiyon	192
bilgisayar bileşeni ses	133
bilgisayar bileşeni soğutucu	240
bilgisayar bileşeni yazıcı	176
bilgisayar çevre birimi	845
bilgisayar dizüstü laptop	392
bilgisayar donanım	141
bilgisayar donanım kasası	106
bilgisayar donanım klavye	82
bilgisayar donanım kulaklık	58
bilgisayar donanım monitör	73
bilgisayar donanımı	3940
bilgisayar eğitim seti	80
bilgisayar ekran	82
bilgisayar grubu	1091
bilgisayar güvenlik	95
bilgisayar internet	810
bilgisayar kam	65
bilgisayar kasa	55
bilgisayar kasası	1427
bilgisayar kitap	306
bilgisayar klavye	285
bilgisayar masası	120
bilgisayar monitör	215
bilgisayar netbook	152
bilgisayar notebook	161
bilgisayar notebook aksesuarı	79
bilgisayar parçası	5899
bilgisayar sarf malzeme	246
bilgisayar sarf malzemesi	85
bilgisayar sunucu	164
bilgisayar sunucu aksesuarı	149
bilgisayar ve	570
bilgisayar ve elektronik	51
bilgisayar yazıcı	139
bilgisayar yazılım	235
bilgisayar yazılım ticari	58
bilgisayar yazılımı	460
bilim	2169
bilim kurgu	546
bilim tarihi	138
bilim ve teknik	6170
bilişim	722
bilmece	146
bina anons sistemi	95
binek tip otomobil	57
binoculars	103
bira	70
bisiklet	1032
bisiklet aydınlatma ikaz	65
bisiklet güvenlik	74
bisiklet kişisel	87
bisiklet yedek parça	216
bit	327
bitakiny	131
bitki	92
bitki derman	132
bitki katkısı	56
bitkisel	711
bitkisel çay	166
bitkisel gıda	83
bitkisel kapsül	67
bitkisel tedavi	73
biyografi	2233
biyoloji	150
black	854
black decker	118
black spade	222
blazer	53
blender	650
blister paket	57
blisterli	61
blues	245
bluetooth	1154
bluetooth headset	234
bluetooth headsets	439
bluetooth kulaklık	1227
bluray	90
bluz	389
bluz bay	56
bluz bayan	147
body	1295
body kit uygulama	729
bohça	53
boks	52
bone	56
bongo	270
bora	956
bordür	118
bornoz	315
bornoz seti	104
boru anahtarı	110
boru çeşidi	296
boş disket	64
bot	733
botanik	62
box	252
box aksesuar	59
boxer	2323
boy	70
boya	1089
boya kalemi	158
boya malzemesi	86
boya seti	80
boya ve sanatsal	167
boyun	360
boyun tasması	345
bracelets	245
branda	1785
brava	238
bravo	235
broş	53
brown	120
brülör	59
buat	99
buhar pişirici	77
buhar tank ütü	150
buhar ütü	263
buji	97
buji ampul	88
buji kablosu	487
buji kablosu takım	75
bulaşık makinası	57
bulaşık makinesi	265
büro mobilyası	70
burs	128
burs ilan	322
burun	62
büstiyer	249
butik	592
butik bardak	139
butik cam	155
buton	152
buz	407
buz kasedi	93
buzdolabı	750
buzdolabı süsü	60
ça	1700
cable black	53
cables	1416
cache	95
cadde armatürü	185
caddy	851
çadır	761
çağdaş edebiyatı	868
çağdaş felsefe	115
çağdaş islam düşüncesi	361
caillou	211
cakebox	65
çakı	221
çakmak	145
çakmak lambası	61
çakmak soketi	168
çalışma koltuğu	64
calvin	110
calvin klein	57
cam	810
cam aksesuarı	165
cam çıtası	326
cam filmi	1968
cam filmi ekipman	166
cam motoru	71
cam sileceği	163
cam suyu	131
cam webcam	57
çamaşır	115
çamaşır kurutucu	72
çamaşır makinası	99
çamaşır makinesi	371
camcorders	911
camen anahtar priz	58
camera	993
camera webcams	71
cameras	1228
camping	353
camping kişisel donanım	72
camping konaklama grubu	134
camping mutfak grubu	120
camry	334
çamur sinyali sağ	60
çanak halojen	184
canlandırma	295
çanta	6763
çanta bayan	85
çanta boyu ayna	108
çanta evrak	75
çanta seyahat	70
çanta ve aksesuar	139
çantası	899
canter	553
canter kamyon	550
cappuchino	86
captiva	164
capture	80
car	344
car accessories	1997
car cover	85
car electronics	796
car lights	220
car maintenance	178
car video	71
caraskal ve vinç	103
caravelle	181
card	101
card reader	113
card readers	507
çarpraz	260
carry	319
çarşaf	59
cases	3103
çat	127
çatal	482
çatal kaşık seti	239
çay	685
cay kahve	86
çay kahve makinası	115
çay kahve makinesi	87
çay makinesi	413
çay seti	98
çaydanlık	211
çaydanlık seti	106
cayenne	215
cd	6636
cd çantası	140
cd changers	71
cd eğitici kitap	95
cd kart	239
cd medya	81
cd player	257
cd radyo	74
cd seti	55
cd ve	82
ceket	396
ceket bay	88
çekiç	52
çekiç ve keski	122
çekme halatı	107
çektirme	181
çekvalf	59
çelik	403
çelik bileklik	494
çelik bilezik	114
çelik kap	77
çelik kolye	846
çelik kolye ucu	328
çelik küpe	84
çelik küpe gümüş	250
çelik mutfak eşyası	756
çelik takım	184
çelik yüzük	102
çelik yüzük gümüş	205
cellphone	75
cep	182
cep telefon	297
cep telefon aksesuar	104
cep telefonu	8152
cep telefonu aksesuar	246
cep telefonu aksesuarı	484
cep telefonu kablosu	72
cep telefonu kılıf	289
cep telefonu kılıfı	130
ceraskal	87
cerato	125
çerçeve	2927
çerçevesiz	463
çerez	288
çeşidi	189
çeşitli	456
çeşitli aksesuar	159
çeşitli ampul	79
çeşitli oyuncak	185
çetin resistans	75
cetvel ve büyüteç	63
çeviri	1970
çevirici	831
çevirici adaptör	97
çevre bilimi	98
çevre birim	1455
çevre birimi	29746
çevre birimi aksesuarı	169
çevresel ölçü	82
cevşen ve muska	74
çeyiz	812
çeyiz nişan sandığı	91
cezve	185
cezve takımı	51
chargers	1683
cheer soccer	392
cherokee	448
children	1049
christmas gadgets	567
çiçek	1396
çift dürbün	71
çift kabin	94
çift kişilik	444
çift kişilik nevresim	72
çift taraf bant	130
cigar pipes cases	317
cigar supplies	59
cigarette power sources	65
cigarette powered gadgets	54
cihaz	855
cihazı	200
çıkartma	163
çıkış armatürü	72
çikolata	183
cila	436
cila hızlı	56
cila renk	78
cilt	142
cilt bakım	774
cilt bakım maskesi	114
cilt bakımı	365
cilt lüks defter	94
cilt okul defteri	90
ciltleme sarf malzemesi	182
çim biçme makinesi	75
çim direk	126
cımbız	167
çıngırak	242
cinsel	266
cinsel aile hayatı	62
cinsel anne	138
cinsel çocuk bakımı	210
cinsel genç	368
cinsel performans artırıcı	106
cinsel sağlık	833
cinsel sağlık geciktirici	51
cinsel sağlık prezervatif	180
cips	72
çit kesme	68
çivi küpe	116
civic	325
çizgi film	153
çizgi roman	959
çizici	1259
çizici aksesuarı	82
çizici kağıdı	267
çizici plotter	81
çizik giderici	202
çizilmez film	285
çizme	580
claire	111
class	4510
class ilan	740
class ilan avantgarde	186
client	98
clothes	400
clothings	2205
cm	2150
coaxial hoparlör	85
çocuk	6634
çocuk ana kucağı	210
çocuk bahçe oyuncağı	69
çocuk bebek güvenlik	87
çocuk bebek ikiz	65
çocuk bebek oyuncağı	565
çocuk bebek puset	353
çocuk beslenme önlük	164
çocuk bisiklet	90
çocuk bisiklet ve	86
çocuk çorap	263
çocuk eğitici set	162
çocuk figür oyuncak	83
çocuk gelişim	63
çocuk gelişimi	118
çocuk giyim	365
çocuk gözlük çerçevesi	65
çocuk halısı	53
çocuk kırtasiye	78
çocuk kitabı	14879
çocuk kol saati	77
çocuk malzemesi kostüm	187
çocuk malzemesi parti	58
çocuk odası	99
çocuk oyuncağı	291
çocuk oyuncak	151
çocuk oyuncak ahşap	132
çocuk oyuncak pedal	200
çocuk oyuncak peluş	193
çocuk oyunu	117
çocuk peluş	212
çocuk psikolojisi	312
çocuk raketi	87
çocuk sağlığı	83
çocuk ve genç	8440
çocuk yatağı	69
coğrafya	3371
çok avize	389
çok fonksiyonlu	111
çok fonksiyonlu lazer	114
çok fonksiyonlu mürekkep	86
çok fonksiyonlu yaz	82
çok fonksiyonlu yazıcı	2952
çok işlev saat	71
çok işlev yazıcı	58
çok lazer	51
çokişlevli	115
çokişlevli lazer	78
çokişlevli m püskürtme	82
çoklayıcı	1096
collection	196
color dolgunlaştırıcı ruj	63
colored ski sticker	92
colormatic cam	124
colors	238
compact	98
compact fotoğraf	98
compact fotoğraf makinesi	1229
compact kart	460
compilations	106
component hoparlör	70
component sistemi	128
component soğutucusu	81
components	136
computer security	54
computers	6985
connect	86
consoles	127
consumer electronics	1676
controllers	169
converters	256
cooling	72
coolpıx	57
cooper	128
çöp kovası	129
çorap	921
cordoba	625
cornilleau	85
corolla	2323
corsa	1199
country	62
cover	88
cradles	98
çubuk halojen	71
çubuk tüp ampul	117
cüzdan	684
cycling	70
da	85
dağ bisikleti	94
dahili	167
dahili disk	414
dahili harddisk	895
daire testere	168
daire testere bıçağı	95
dalış	219
dalış maskesi	61
damas	233
damat alışverişi	112
dambıl	54
dance	148
dantel	651
dantel külot	168
darbe	91
darbe maktap	52
darbe matkap	203
darbesiz matkap	142
darbuka	61
dav	64
davlumbaz	132
davlumbaz ve aspiratör	149
de	57
debi arasi	75
debriyaj seti	104
debriyaj seti baskı	257
decorations	132
decorations gadgets	238
def	52
defransiyel ve parçası	128
defter	235
dekolte	106
dekor ve süs	64
dekorasyon	842
dekorasyon çerçeve	60
dekorasyon çiçek	51
dekorasyon mum	85
dekorasyon saat	59
dekorasyon vazo	69
dekoratif	1776
dekoratif ampul	93
dekoratif avize	86
dekoratif ev gereci	514
dekoratif kutu	71
dekoratif obje	248
dekoratif sarkıt	55
dekoratif sepet	77
dekoratif tablo	198
dekoratif vazo	268
dekupaj testere	304
dekupaj testere bıçağı	297
dekupaj testeresi	68
delici	298
delme	375
delta	56
demet	144
demokrasi	219
deneme	2403
deniz	1781
deniz ilan	282
deniz malzemesi	65
deniz şortu	147
deodorant	5762
deodorant calvin klein	67
deodorant parfüm	91
deodorant stick erkek	140
depo kapağı	70
depolama	1088
dergi	1058
dergi ve gazete	22118
dergisi	52
deri	451
deri kılıf	86
deri minder	90
derin dondurucu	397
derle	182
dermo expertise	56
dermokozmetik	408
ders kitabı	53
desen	743
desen kağıt peçete	114
desen külot	149
desen külot çorap	227
design	149
designjet	78
designjet çizici	55
desktop işlemci	714
destan	90
destek	2350
destek sütyen	53
dev holders	73
dev lisans	312
devirdaim	172
devirdaim çelik palet	51
devlet	111
diafon	65
diafon sistemi	60
dijital	479
dijital çerçeve	278
dijital foto makinası	64
dijital fotoğraf	184
dijital fotoğraf aks	53
dijital fotoğraf çerçevesi	66
dijital fotoğraf makinası	294
dijital fotoğraf makinesi	637
dijital müzik ça	120
dijital ölçü aleti	293
dijital tuval tablo	96
dijital uydu	91
dijital uydu alıcısı	104
dijital xenon kit	65
dijital yaşam	823
dikey	950
dikey hidrofor	185
dıkılı tıp kap	58
dikişsiz iç giyim	56
dil	1197
dil çalışması	108
dil öğrenimi	661
dilbilim	186
dili	234
din	23771
din felsefe	1463
din tarihi	567
dinamik ip	63
dini çocuk kitabı	226
direksiyon	1067
direksiyon aksesuar	67
direksiyon göbeği	484
direksiyon kilidi	98
direksiyon kılıfı	733
direksiyon siyah	71
direksiyon ve kılıfı	138
dış	254
dış ayna	283
dış filtre	159
diş fırçası	223
dış giyim	114
diş ipi	88
diş macunu	321
dış mekan aydınlatma	138
dış politika	201
diş sağlığı	88
diş ve çıngırak	206
disk	468
disk sürücü	432
distribütör	64
divan	213
diyabetik	81
diyarbakır ilan	148
diyet	597
diyet ve	64
diz	184
diz ve bacak	76
dizaltı	297
dizüstü	235
dizüstü adaptör	122
dizüstü aksesuar	104
dizüstü aksesuarı	404
dizüstü bilgisayar	2983
dizüstü bilgisayar aksesuarı	62
dizüstü çantası	274
dizüstü pili	155
dk	223
doblo	585
doblo ilan	366
doblo ilan multijet	136
docklıne	59
doğa gezi	177
doğa sporu	192
doğal	218
doğal bakım	175
doğal dizi inci	55
doğal kaya ametist	123
doğal kaya turmalin	76
doğal kedi kumu	83
doğal sabun	105
doğal yaşam	59
doğaltaş tesbih	89
doğan	350
doğan ilan	303
doğaüstü	212
doğrayıcı	81
doğrayıcı rondo	72
doğu dini	149
doğu felsefesi	335
döküman tarayıcı	926
dolap	66
dolgu	571
donanım	3721
donanım güvenlik	95
donanım masaüstü bilgisayar	68
donanım taşınabilir bilgisayar	105
donanım yazıcı	240
dondurma	81
dönence	132
dönüştürücü	67
dönüştürücü ve çoğaltıcı	117
dört mevsim çadır	123
döş	89
döşeme	56
dosya	115
dosyalama	333
double	69
dövüş	203
downlight armatür	251
drives	836
driving aids	107
drum	510
drum ve toner	179
dua kitabı	221
ducato	568
ducato ilan	103
dudak bakımı	252
dudak kalemi	275
dudak makyajı	1913
düdük tencere	216
düğme	209
dulux	161
dünya	1061
dünya devrim tarihi	58
dünya ekonomisi	406
dünya iktisat tarihi	145
dünya klasiği	164
dünya mutfağı	121
dünya siyasi tarihi	1699
dünya tarihi	1787
dünyası	511
duo	99
durango	71
dürbün	206
dürbün ve teleskop	259
dürü	64
düş	153
duş seti	65
düşünce	20342
duvar	639
duvar aksesuarı	225
duvar armatür çeşidi	323
duvar aynası	65
duvar kağıdı ve	70
duvar panosu	82
duvar saati	181
duvar sticker	163
duvar tipi davlumbaz	61
duvar tipi klima	74
duy	179
duy ampul	317
duy çeşidi	90
duygusal	1598
düz	152
düz ayak takımı	59
düz uç tornavida	72
earbud headphones	64
earloop	107
earphones	849
earrings	114
ecza çantası	83
edebiyat	112823
edebiyat incelemesi	1364
edebiyat referans kitap	187
edebiyat tarihi	216
educational	238
efekt ık	64
eğitici aktivite oyuncağı	66
eğitici kitap	213
eğitici oyuncak	401
eğitim	4932
eğitim başvuru	7672
eğitim bilimi	63
eğitim destek	99
eğitim genel	362
eğitim metod	101
eğitim oyuncağı	60
eğitim pedagoji	218
eğitim politikası	51
eğitim seti	489
eğitim ve oyun	161
eğitim yazılımı	87
eğitsel oyuncak	52
eğlence	362
eğlence şişme	204
egzos	105
egzos aksesuarı	96
egzos komple	123
egzos ucu	477
ekipman	856
ekmek	81
ekmek kızartma	137
ekmek kızartma makinesi	261
ekmek sepeti	67
ekmek yapma makinesi	81
ekoloji	256
ekonomi	5855
ekonomi iktisat	329
ekonomi ve işletme	1556
ekran	283
ekran kart	108
ekran kartı	9077
ekran koruyucu	71
eksantrik	173
eksantrik zımpara kağıdı	92
eksantrik zımpara makinası	51
el	1052
el aleti	10581
el aleti aksesuarı	62
el aleti tornavida	71
el bakımı	182
el becerisi	111
el çantası	53
el feneri	300
el fren teli	72
el freni körüğü	146
el işi	470
el işi bakır	62
el kremi	229
el sanatı	541
el terminali	63
el tipi navigasyon	350
el yapıyı	106
el yapıyı takı	103
el yazması	51
elantra	412
elastik	438
elazığ	66
elazığ ilan	121
elbise	761
elbise askısı	67
elbise bayan	140
elbisesi	163
eldiven	459
eldiveni	66
electric	152
electronic gadgets	304
electronica	223
electronics	3175
electronics parts	148
elegant	213
elektirikli el aleti	146
elektrik	3366
elektrik aydınlatma	58
elektrik el aleti	1794
elektrik ev aleti	320
elektrik ısıtıcı	126
elektrik kablosu	192
elektrik malzemesi	302
elektrik matkap	61
elektrik motoru	88
elektrik mutfak aleti	1496
elektrik süpürge	1973
elektrik süpürgesi	237
elektrik temiz aleti	465
elektrik ve aydınlatma	899
elektrik vinç	69
elektrıklı	999
elektro gitar	755
elektro gitar teli	53
elektronik	10341
elektronik balast	74
elektronik cep	130
elektronik cep telefonu	299
elektronik ev aleti	78
elektronik fotograf	55
elektronik ofis cihazı	235
elektronik projeksiyon cihazı	92
elektronik reyonu	108
elektronik sözlük	108
elektronik televizyon	66
elence	51
elentra	116
eleştiri	64
eleştiri inceleme	1314
elik tencere	77
elit	88
elleşse	126
elmas bıçak	158
elmas testere	52
emniyet durum levha	56
emniyet kemeri	291
emporio	611
emzik	269
emzik ve biberon	320
emzirme	634
emzirme sütyeni	104
en	120
en dekoratif	65
enclosures	374
endüstriyel	80
endüstriyel yağ	97
enerji aleti	141
enerji koru prizi	74
enerji tasarruf ampül	1247
eniyibebek	2018
enjektör	56
enjektör adet	75
enkandesan ampul	343
enstrüman	975
enstrümantal müzik	112
enternasyonel	57
epilasyon	118
epilasyon cihazı	157
epilatör	472
erkek	4632
erkek aksesuar şapka	66
erkek atlet	122
erkek ayakkabı	175
erkek bakım	126
erkek basic	201
erkek boxer	139
erkek çorap	530
erkek deodorant	919
erkek deodorantı	193
erkek desen gömlek	88
erkek fantazi giyim	173
erkek giyim	1031
erkek giyim ayakkabı	1075
erkek giyim gömlek	73
erkek gözlük çerçevesi	162
erkek güneş gözlüğü	155
erkek iç giyim	3118
erkek in	240
erkek kol saati	10524
erkek külot	90
erkek oyuncağı	258
erkek özel	830
erkek pantolon	61
erkek parfüm	1180
erkek parfüm set	190
erkek parfümü	1700
erkek rolex	74
erkek saati	792
erkek sezon	308
erkek spor	105
erkek stick	245
erkek t	105
erkek yüzüğü	168
eroecza	200
erotik	224
erotik aksesuar	62
erotik iç giyim	372
erotik masaj yağı	139
erzurum ilan	161
eş	322
esans	57
eşarp	183
escalade	51
eser	1079
eski program	112
eski site resmi	3827
eskişehir ilan	83
eşofman	947
eşofman altı	54
espero	69
espresso	75
estee lauder	216
estetik	73
et	264
et pensi	79
etanj armatür	81
etek	172
ethernet	152
ethernet kart	69
ethernet kartı	346
etik	95
etiket	109
etiket malzemesi	112
etnik	414
etnik dini	1706
europa	580
ev	5682
ev aksesuarı	202
ev alet	64
ev aleti	7242
ev ayakkabısı	70
ev dekorasyon	153
ev dekorasyon biblo	57
ev dekorasyon duvar	87
ev dekorasyon elektrik	461
ev dekorasyon mum	243
ev dekorasyon tablo	66
ev dekoratif aksesuar	1679
ev elektroniği	2791
ev elektroniği oyun	93
ev elektroniği televizyon	175
ev gereci	355
ev güvenliği	53
ev güvenlik	156
ev işyeri	237
ev sinema	227
ev sinema sistemi	1517
ev teknolojisi	306
ev tekstili	3033
ev tekstili perde	62
ev ve yaşam	4111
evlilik	143
evrak imha makinesi	90
excel	255
express	186
express set	60
extra	55
ey	67
ey ön far	106
eyeglasses	378
eyeliner	198
ez	148
factor	451
fakir	225
fakir elektrik süpürge	62
faks	1261
faks cihazı	55
faks makinesi	382
fal	244
familia	170
fan	759
fan motoru	169
fan müşürü	75
fan ve	67
fan ve stand	55
fanı	129
fanila	65
fantastik	653
fantazi	1532
fantazi ayakkabı	56
fantazi iç giyim	147
fantazi penis	53
fantazi sütyen kilot	157
fantezi iç giyim	67
far	2873
far ampul	81
far bakalit	62
far kiti	173
far lambası sağ	57
far ledi	135
far modifiye	97
far siyah	54
fare	100
favorit	66
felicia	56
felsefe	28137
felsefe tarihi	113
felsefesi	137
fen bilimi	1137
fener	524
festivals	186
fetva	160
fidan	594
fiesta	134
figür	189
figür kalem	53
fıkıh	1196
fıkra	146
fıkra kitabı	51
file	54
filiz çelik	167
film	7912
film belgesel dini	80
film belgesel kültür	156
film dizi yabancı	152
film dizi yerli	72
film eğitim	156
film erotik	133
film erotik yabancı	209
film erotik yerli	56
film kahraman	99
film müzik	455
film müzik animasyon	56
film müzik çizgi	58
film müzik drama	132
film müzik komedi	158
film müzik korku	125
film müzik macera	194
film müzik sineması	57
film sineması drama	147
film sineması komedi	78
film spor	117
filoloji dilbilim	1771
filter transparent	61
filters	353
filtre	964
filtre grubu	1343
filtre kutu içi	336
filtre malzemesi	133
finans	443
finans borsa	281
fincan	242
fincan takımı	132
fırça	265
firewall	56
firewall yazılımı	76
firewire	74
firewire kablo	147
firewire kablosu	298
fırın	873
fırsat köşesi	68
fiş	578
fisher price	89
fishing	66
fishing gears	149
fıskiye	68
fitness	1034
fitness bisiklet	151
fitness spor bireysel	239
fitness spor giyim	122
fizik	149
flanş	231
flashes	55
flashlights	4490
flopy driver	135
floresan	312
floresan ampul	479
floresan armatür	90
flüoresan	91
folklor	1919
fon perde	56
fondoten	954
fonksiyonel mama sandalyesi	54
foreign languages	6241
forester	82
form	918
form düz tornavida	58
form kombine anahtar	88
form uç	71
forma	185
fosfor bant	1091
fosfor kalem	191
foto	2347
foto lensi	175
foto m	101
foto makine lensi	1636
foto ve kamera	174
fotoğraf	7451
fotoğraf aksesuar	120
fotograf aksesuarı	85
fotoğraf kağıdı	648
fotoğraf makinası	523
fotoğraf makinesi	2542
fotoğraf ve kamera	544
fotoğraf yazıcısı	67
fotoğrafçılık	86
fotokopi	1619
fotokopi cihazı	512
fotokopi kağıdı	166
fotokopi makinesi	489
fotokopi toneri	603
fotokopi ve kağıt	75
freelander	164
frekans konröllü hidrofor	62
fren	1503
fren balatası arka	332
fren balatası ön	523
fren debriyaj balata	4481
fren disk seti	88
fren ekipman	79
fren hortumu	179
fren yedek parça	84
freze	98
freze makina	69
frezeleme	58
fritöz	372
fu	66
funna	67
fuser	60
futbol	1075
gabbana	119
gadgets	1693
galant	246
gamepad	221
games	81
gastronorm küvet	168
gaz armatürü	538
gazaltı kaynak makinası	72
gazete	1887
gaziantep	176
gaziantep ilan	413
gaziantep transit ilan	141
gece bakım kremi	71
gece lambası	77
gecelik	2901
gecelik modeli	89
gecelik sabah	145
geciktirici	66
geciktirici krem	85
gefen	57
geleneksel sanat	1165
gelinlik iç giyim	247
gelişim psikolojisi	127
genç	960
genç edebiyatı	390
genç giyim	369
genel	130
genel aksesuar	1106
genel bakım	56
genel bakım aleti	58
genel felsefe	1017
genel iletiş	72
genel konu	282
genel mühendis	83
genel psikoloji	214
genel sağlık kitabı	63
genel sosyoloji	811
genel spor	67
genel ve referans	872
genetik	121
geniş ağ	273
genlik kitap	135
genuine	76
gerdanlık	181
gereci	144
gergi bilyası	51
gergi bilyası triger	52
geri dön	540
gerilim	1277
gerilim çeviri	359
gerilim yerli	61
gezdirme tasması	112
gezgin	214
gezi	5763
gezi izlenim	311
gezi rehberi	87
gıda	303
gıda hazırlama	436
gıda takviyesi	85
gifts	398
gigabit	64
gitar	396
gitar aksamı	61
gitar elektro akustik	131
gitar pedal	83
giyim	25645
giyim aksesuar	335
giyim aksesuarı	55
giyim ayakkabı	211
giyim battaniye	57
giyim bebek tekstil	139
giyim hamile tekstil	96
giyim patik	56
giyim ve ayakkabı	191
giyotin	54
gizem	212
gizli kamera	100
gizli servis	109
glasses	68
gloria	179
gloss	158
göğüs	52
göğüs bakım	87
göğüs koruyucusu	69
göğüs pedi	132
göğüs pompası	171
göğüs tasması	202
gol	1557
golf	3721
gömlek	619
gömlek bay	116
gömme armatür	57
gonzales	106
gör bay	56
görüntü	519
görüntü aksesuar	86
görüntü cd	98
görüntü kablosu	185
görüntü oto amplifikatör	117
görüntü oto hoparlör	71
görüntü sistemi	492
gösterge	350
göz bakımı	96
göz çevresi bakım	240
göz kalemi	686
göz kremi	76
göz ve çevresi	52
gözlük	141
gözlük bay	236
gözlük bayan	272
gözlük çerçevesi	302
grafik	164
grafik tablet	612
grafik tasarım	210
grand	484
grand cherokee	268
grand vitara	122
granit	120
granül yem	112
gravür	136
green	287
green lasers	97
gri	123
grubu	71
grup	96
grup priz	410
güç elektroniği	166
güç kablosu	421
güç kaynağı	3693
güç ünitesi	1143
gül	65
gümüş	1141
gümüş alyans	198
gümüş bileklik	56
gümüş bilezik	85
gümüş erkek yüzük	80
gümüş kolye	485
gümüş kolye ve	70
gümüş küpe	231
gümüş takım	84
gümüş taş küpe	52
gümüş ve pırlanta	61
gümüş yüzük	356
güncel siyaset	157
güneş	687
güneş aksesuarı	140
güneş bakım	110
güneş gözlüğü	714
güneş gözlüğü bay	99
güneş gözlüğü bayan	564
güneş gözlüğü çocuk	52
güneş koruyucu	281
güneş kremi	129
güneş losyonu	193
güneş sonrası	57
güneş sütü	153
güneş ve perde	594
güneş yağı	110
günlük	1356
günlük bakım kremi	147
günlük çanta	210
güral porselen	202
gurme sos	71
gurubu	332
güvenlik	1285
güvenlik aksesuar	91
güvenlik aksesuarı	72
güvenlik çözümü	133
güvenlik kamerası	277
güvenlik kayıt cihazı	64
güvenlik security	291
güvenlik sistemi	184
güvenlik yazılımı	258
güverte ekipmanı	62
güzel	160
güzel bakım kozmetik	1622
güzel kişisel bakım	1491
güzel makyaj allık	153
güzel makyaj eyeliner	87
güzel makyaj far	356
güzel makyaj fondöten	188
güzel makyaj lipstick	188
güzel makyaj maskara	168
güzel makyaj parlatıcı	188
güzel makyaj pudra	146
güzel makyaj ruj	188
güzel parfüm	2249
ha	58
haç	146
hacegan yayını	60
had ve	238
hadde matkap ucu	111
hadis	884
hafıza	250
hafıza bellek	760
hafıza kartı	1213
halı	380
halı pano	106
halı paspas	68
halı ve kilim	86
halı yıkama makinesi	172
halk edebiyatı	90
halk ilişki	208
halk müziği	202
halka	180
halka klasör	83
halloween	84
halloween gadgets	70
halojen ampul	844
ham malzeme	1290
hamak	57
hamile	296
hamile giyim	432
hamile tekstil	167
hamster	112
hamster aksesuarı	61
hamster kafesi	55
hap	105
hararet müşürü	54
harddisk	1378
harddisk kutusu	904
harddisk sürücü	2639
hardware	232
hardware gadgets	52
hardware parts	393
harf	93
harf magnet	145
harf rozet	147
harici	85
harici disk	725
harici disk kutusu	60
harici harddisk	93
harici harddisk external	1482
harici harddisk sürücü	250
harici kutu	65
harici taşınabilir	86
harita	92
harita ve levhası	115
hasır minder	218
hassas ölçü aleti	82
hassas terazi	79
hastane	131
hastane mobilya	86
hastane mobilyası	92
hat	164
hatay	182
hatay ilan	308
hatay transit ilan	53
hatchback	1051
hatırat	383
hatırat anı	1249
hava	94
hava alet	158
hava el aleti	751
hava filtresi	745
hava motoru	134
hava ölçme saati	83
hava perdesi	52
hava pompası	140
hava tabanca	60
hava temizleme	73
hava tornavida	132
havalandırma	230
havalandırma cihazı	116
havas	116
havlu	644
havuz malzemesi	231
hayvan	176
hayvan alemi	90
hazırlık ekipmanı	233
headlamps	66
headphones	572
headset	227
hedik	53
hediye	2572
hediye bebek	1260
hediye bilezik gümüş	68
hediye cd kitap	701
hediye erkek	54
hediye eşya	499
hediye eşya anahtar	55
hediye eşya ilginç	253
hediye eşya paketi	160
hediye eşya takı	226
hediye kişisel	236
hediye oyuncak aksesuar	126
hediye seti	73
hediye takım gümüş	72
helezon spor yay	313
helicopters	500
helikopter	2134
hello watches	98
helojen ampül	108
hesap makinası	117
hesap makinesi	118
heuer	63
heykel	170
hı	241
hı besta	54
hiciv	747
hidrofor	551
hijyen	355
hikaye	2239
hikaye masal	226
hikaye öykü	7911
hikaye ve masal	169
hiking needs	282
hiper	56
hırdavat	3088
hırdavat aydınlatma priz	104
hırdavat elektrik alet	2163
hırdavat kapı	122
hırdavat malzemesi	357
hırdavat takım çantası	62
hıristiyanlık	150
hırka	265
hisar	190
history	154
hitabet	83
hız kontrol sistemi	107
hızlı mağaza	2857
hizmet	59
hl	89
hobbies	8454
hobi	18789
hobi aleti	210
hobi araç	3242
hobi el aleti	306
hobi oyuncak	52
hop	56
hoparlör	4733
hoparlör grubu	99
hoparlör seti	55
hoparlör siyah	114
hoppala	99
hortum	122
hortum çeşidi	684
house	346
housekeeping gadgets	53
hristiyanlık	388
hub	762
hukuk	4112
hukuk tarihi	224
i atı	62
ibiza	222
iç ayna	294
iç çamaşırı	128
iç filtre	223
iç giyim	1313
iç giyim takım	113
iç giysi	137
iç mekan apliki	104
içecek	116
içecek hazırlama	801
için	149
için siyah şerit	55
için toner	78
için toner sayfa	77
içki	343
idare	110
ide	155
iğne	212
iğne duy ampul	99
iğne oyası	52
iguana	129
ihbar sistemi	135
ihracat do	81
ikaz kukası	103
iki ağız anahtar	108
ikiz bebek	97
ikram yemek takımı	148
iktisat	1415
iktisat tarihi	440
ilaç	112
ilahi	109
ilan	1358
ilan multijet	128
iletiş	807
iletiş medya	1881
ilginç	120
ilginç tablo	109
ilk yaş	125
ilkçağ tarihi	110
ilköğretim	1540
ilköğretim eğitim seti	68
ilköğretim seti	73
ilmiha	160
im	54
im makina	85
iman	110
imdat çekici	64
imitasyon	57
impreza	73
in	882
in ara	353
inç	883
ince istemci	711
inceleme	3422
inceleme araştırma	56
inceleme araştırma din	223
inceleme araştırma mafya	71
inceleme araştırma örgüt	109
inceleme güncel	282
inceleme sağlık	1421
inceleme söyleşi	120
ınches	52
inci set	56
inci tozu	65
indirim parfüm	72
ındoor	284
infrared ısıtıcı	62
iniş malzemesi	73
inkjet	74
inkjet çok yazıcı	985
inkjet yazıcı	968
inkjet yazıcı kartuşu	247
inşaat	190
insan hakkı	77
insanhak	219
intenze	61
interactive	65
internet	549
internet security	66
interphones	61
inverter	98
invertör kaynak makinası	64
iş	191
iş dünyası	5462
iş ekonomi	1531
iş güvenliği	166
iş güvenliği levhası	141
iş güvenliği malzemesi	205
iş istasyonu	146
iş makinası lastiği	90
iş tavan armatürü	517
iş yönetimi	760
ışık kolon	147
ışık küre	83
ışıklandırma aydınlatma	221
ışıldak	116
ışıldak fener	61
ısıtıcı	870
ısıtma	688
işkence	57
işkence ve çeşidi	53
islam	4496
islam düşünce tarihi	168
islam felsefesi	466
islam hukuku	102
islam sanatı	227
islam tarihi	587
islam üzeri	182
islami çocuk kitabı	99
islami yayın dua	116
islami yayın fıkıh	73
islami yayın hadis	104
islami yayın ilmihal	75
islami yayın kişi	127
islami yayın kültür	177
islami yayın siyer	75
islami yayın sohbet	69
islami yayın tasavvuf	97
islami yayın tefsir	58
islamiyet	18782
işlemci	2010
işlemci fan	58
işlemci fanı	1031
işletim sistemi	1475
işletme	470
işletme iş yönetimi	228
istanbul	806
istanbul Anadolu	142
istanbul Anadolu ilan	473
istanbul avrupa	372
istanbul avrupa ilan	875
istanbul rehberi	87
istatistik	361
istif makinası	102
it	160
it not	53
iwish	62
ızgara	384
ızgara makinası	75
izmir	432
izmir ilan	823
izmir megane ilan	65
izmir serisi ilan	56
izole alet	66
jacques lemans	237
jant	725
jant aksesuarı	302
jant kapağı	1132
jant kapağı inç	95
jant kapak	155
jant ve kapağı	87
jartiyer	375
jartiyer çorabı	84
jartiyer modeli	86
jartiyersiz	56
jel ve kolonyası	187
jeneratör	349
jeoloji	221
jeolojik	60
jet lighter torches	460
jetta	397
jewelry	277
jimnastik	79
jipon	449
joystick	153
jumper	421
justy	75
kaban	155
kabin	91
kabinet	501
kabinet aksamı	695
kabinet aksesuarı	71
kabinet sac	78
kablo	16102
kablo anahtarsız priz	54
kablo çeşidi	1767
kablo kanalı	748
kablo klavye	1913
kablo kulaklık	681
kablo modem	501
kablo mouse	668
kablo nymhy	65
kablo seti	153
kablo telefon	671
kablo ve adaptör	416
kablo ve aksesuar	563
kablo yüksük	207
kablolama	1727
kablosu	1869
kablosuz	2410
kablosuz adaptör	69
kablosuz ağ	295
kablosuz ağ wireless	1760
kablosuz klavye	105
kablosuz kulaklık	70
kablosuz modem	185
kablosuz modem wireless	601
kablosuz mouse	467
kablosuz network	54
kablosuz telefon	127
kaçarola	51
kadeh	144
kademe	94
kadın	3292
kadın dergisi	308
kadın giyim	101
kadın konu kitap	252
kadın sağlığı	77
kadın sezon	71
kadran ve gösterge	77
kafa feneri	86
kafa motoru	69
kafes	228
kağıt	2653
kağıt ve defter	156
kahramanmaraş	61
kahramanmaraş ilan	204
kahvaltı seti	58
kahvaltı takımı	90
kahve	552
kahve makinesi	368
kahve öğütücü	58
kahve takımı	62
kak bak set	201
kaldırma istifleme malzemesi	119
kaleci eldiveni	60
kalem	979
kalem ataş	65
kalem kutusu	66
kalem mürekkebi	62
kalem tıraş	80
kalem ve takımı	52
kalemtraş	81
kalıpçı taşlama	80
kaliper kapak	106
kalite levha	79
kalorifer kazani	78
kalorifer kokusu	136
kalorifer radyatörü	54
kalos	432
kalp	77
kalp damar sağlığı	57
kama	60
kamera	7587
kamera aksesuar tripod	200
kamera baskı	53
kamera bluetooth	91
kamera çantası	60
kamera fotoğraf makinası	360
kamera fotoğraf makinesi	91
kamera objektif	139
kamerası	204
kamış	183
kamp	379
kamp aksesuarı	54
kamp çantası	152
kamp malzemesi	267
kamp mutfağı	446
kampanya	188
kampçılık	1457
kampçılık çadır	90
kampçılık çakı	550
kampçılık şişme yatak	81
kampçılık termos	205
kamyon	769
kamyon otobüs	156
kamyonet	2601
kamyonet as	105
kamyonet bongo	135
kamyonet levend	67
kamyonet serisi	62
kanal kayıs	137
kanal kayısı	184
kanarya	140
kanca marangoz işkencesi	56
kangoo	1038
kanguru	362
kano	95
kanun	270
kap aksesuar	78
kapak	87
kapama sistemi	98
kapatıcı	222
kapı	934
kapı aksesuarı	469
kapı eşiği	51
kapı hırdavatı	116
kapı kolu	406
kapı kolu krom	93
kapı kolu paslanmaz	64
kapital	131
kaplama filmi	71
kaplama seti	138
kaporta	315
kaporta aksamı	8357
kapsül	115
kapsül model	141
kaput kilidi	64
kaput menteşesi sağ	59
kaput menteşesi sol	57
kar paleti	326
karabina	224
kardelen serisi	89
kare	115
kargaburun	145
karikatür	177
karikatür mizah	967
kariyer	532
karoser dış parçası	105
karot makinası	127
karot uç	147
karre serisi	79
kart	1923
kart askı malzemesi	178
kart bellek	1179
kart okuyucu	1064
kartal	141
kartal ilan	173
kartalizma shirt	51
kartı	989
kartpostal	100
kartuş	13818
kartuş mürekkep püskürtme	565
kartvizit	168
karyola	126
kaş kalemi	55
kasa	6609
kasa fanı	1141
kasa güç kaynağı	110
kasa içi kablo	678
kasa overclock	100
kasa siyah	155
kasa ve	93
kasa ve aksamı	1944
kasası	195
kase	93
kaset	107
kaşık	618
kaşık maması	62
kask	185
kaşkol	72
kat meyve	54
katalog	2169
kategori	4570
kategorisi genç odası	55
kategorisi kozmetik güzel	796
kategorisi kozmetik sağlık	1340
katı meyve	317
katı meyve sıkacağı	102
katı sabun	96
kauçuk	83
kauçuk emzik	57
kauçuk kablo	54
kavanoz	134
kavanoz maması	120
kayak	87
kaydedici	106
kaydırıcı jel	75
kayek	96
kayıs	156
kayısı	557
kayıt cihazı	80
kaykay	79
kaynak	1016
kaynak elektrodu	111
kaynak makinası	508
kaynak makinesi	105
kaynak sözlük	109
kayseri	139
kayseri ilan	301
kaz	212
kaz tüyü ceket	88
kaz tüyü tulum	57
kazak	461
kazma	88
keçe uç kalem	148
kedi	897
kedi kapısı	64
kedi konserve maması	120
kedi kumu	87
kedi maması	101
kedi maması yetişkin	70
kedi oyuncağı	267
kedi oyuncak	63
kedi taşım çantası	60
kedi tasması	93
kedi tuvaleti	130
kehribar tesbih	92
kek	197
kek kalıbı	89
kelam akaid	542
keman	116
keman aksamı	62
kemer	187
kemer aksesuarı	207
kemik	102
kemirgen	305
kent yerel yönetim	92
kep	114
kepçe	52
kese çorap	289
kesici alet	241
kesici el aleti	76
kesici takım	637
kesintisiz güç	59
kesintisiz güç kaynağı	2081
keski	225
keski ve kerpeten	148
kesme	70
kesme aleti	92
kesme lülesi	71
kesme makina	247
kettle	611
keyboards	297
keychains	74
kg	1846
kg oto koltuğu	113
kıddo	108
kılıf	1360
kılıf ve çanta	178
kılıfı	682
kılıfı nesil	123
kilim	149
kilit	251
kimya	272
kırıcı	186
kırıcı delici	94
kırışık giderici	72
kırlent	173
kırmızı	586
kirpik bakımı	96
kırtasiye	6948
kırtasiye ataç	54
kırtasiye yazı tahtası	183
kış	916
kış lastiği binek	144
kişilik	75
kişisel	2341
kişisel aksesuar	372
kişisel bakım	11121
kişisel bakım baskül	54
kişisel bakım cihazı	377
kişisel bakım epilatör	63
kişisel bakım makinası	54
kişisel bakım saç	62
kişisel bilgisayar	6510
kişisel gelişim	8133
kişisel temiz	256
kit	358
kit boya	56
kitap	92034
kitap akademik din	1198
kitap akademik ekonomi	450
kitap akademik inceleme	955
kitap akademik işletme	126
kitap akademik medya	120
kitap akademik muhasebe	177
kitap akademik psikoloji	408
kitap akademik reklam	65
kitap akademik tarih	376
kitap araştırma	5234
kitap çocuk	5191
kitap çocuk klasiği	248
kitap edebiyat anı	1070
kitap edebiyat antoloji	57
kitap edebiyat biyografi	69
kitap edebiyat deneme	808
kitap edebiyat derlem	138
kitap edebiyat günlük	55
kitap edebiyat mizah	363
kitap edebiyat öykü	1379
kitap edebiyat şiir	1157
kitap eğitim kaynak	643
kitap hobi astroloji	108
kitap hobi fotoğraf	86
kitap hobi kültür	269
kitap hobi müzik	119
kitap hobi oyun	85
kitap hobi sanat	395
kitap hobi sinema	156
kitap hobi spor	145
kitap hobi tiyatro	375
kitap hobi turizm	347
kitap hobi yemek	270
kitap poster ve	5274
kitap türkçe çocuk	85
kitap türkçe sağlık	55
kitap türkçe tarih	170
kitap türkçe toplum	80
kitap ve dergi	52
kitap ve sözlük	72
kitchen gadgets	314
kıyafet	51
kıyma makinesi	62
kız	216
kız giyim	135
kızartma	94
klarnet	57
klasik	489
klasik edebiyatı	212
klasik gitar	304
klasik hobi	100
klasik iş	79
klasik model	85
klavye	7170
klavye mouse set	88
klavye set	207
klein	112
klemens çeşidi	73
klima	683
klima radyatörü ölçü	63
klima ve ısıtıcı	182
knives	390
kocaeli ilan	139
kokteyl	149
koku	261
koku giderici	277
kol ateli bandaj	76
kol bandı	392
kol dayama	130
kol düğmesi	60
kol saati	3802
kol yatak	233
kolay	251
kolçak	123
koleksiyon	88
koleksiyon figür	62
koleksiyon hayvan	62
kolesterol	58
kolleksiyon	85
kolonya	224
koltuk	324
koltuk aksesuarı	173
koltuk kılıfı	130
koltuk minderi	232
koltuk örtüsü	133
koltuk şalı	150
kolye	1586
kolye ucu	472
kolye ucu ametist	64
kom	161
kombi	225
kombine anahtar	276
kombinezon	410
komedi	142
komik çorap boyut	87
kompanzasyon malzemesi	94
komple	61
komple paslanmaz	54
komple sistem	54
komponent	316
kompresör	432
kondansatör	118
kondisyon	81
kondisyon aleti	418
kondisyon bisikleti	303
kondisyon dambıl	530
kondisyon koşu bandı	163
kondisyon malzemesi	60
kondisyon masaj cihazı	94
kondisyon mekik sehpası	76
kondisyon pilates	382
kondisyon step	60
konferans sistemi	54
konfor	185
konser yabancı	417
konserve mama	140
konsol aksesuarı	262
konsol kokpit kaplama	343
kontaktör	171
kontaktörü	74
kontrol	81
konya	355
konya corolla ilan	67
konya ilan	887
konya megane ilan	60
konya partner ilan	52
konya serisi ilan	54
konyak	51
köpek	3243
köpek ağızlığı	51
köpek aksesuar tasma	63
köpek ayakkabısı	57
köpek besini	85
köpek eğitim	82
köpek eğitim seti	60
köpek elbisesi	64
köpek kafesi	72
köpek kıyafet t	63
köpek kıyafeti	55
köpek kuru maması	61
köpek mama kapı	72
köpek maması yetişkin	72
köpek oyuncağı	65
köpek oyuncak	208
köpek takı	66
köpek taşım çantası	79
köpek tasması	242
köpek tasması boyun	72
köpek temiz şampuan	61
köpek vitamini	104
köpek yatağı	106
kordon	82
korkmaz	307
korku	357
korna	603
korna ve siren	147
korse	566
korse çeşidi	83
koru	371
koru barı	304
koru barı arka	53
koru barı ön	89
korugu	53
koruyucu	154
koruyucu gözlük	81
köşe lokma anahtar	135
kostüm	90
koşu	183
koşu bandı	219
kozmetik	11294
kozmetik aksesuarı	1147
kozmetik aksesuarı ayna	65
kozmetik aksesuarı cımbız	57
kozmetik cilt bakım	67
kozmetik cilt temizleyici	63
kozmetik deodorant	792
kozmetik deodorant bayan	489
kozmetik deodorant erkek	471
kozmetik deodorant krem	76
kozmetik deodorant stick	67
kozmetik doğal bakım	83
kozmetik ev	55
kozmetik güneş	86
kozmetik güneş losyonu	76
kozmetik güneş sütü	59
kozmetik güneş yağı	54
kozmetik hediye set	388
kozmetik kişisel bakım	86
kozmetik krem doğal	92
kozmetik makyaj	465
kozmetik makyaj far	75
kozmetik makyaj fondöten	152
kozmetik makyaj maskara	290
kozmetik makyaj pudra	66
kozmetik makyaj ruj	64
kozmetik market deodorant	109
kozmetik parfüm	979
kozmetik parfüm bay	662
kozmetik parfüm bayan	1361
kozmetik parfüm erkek	353
kozmetik taraftar	52
kozmetik yüz bakımı	150
krampon	207
krampon ayakkabı	89
krank	55
krem	816
krem kordon	212
krem kordonsuz	209
kriko	328
krikosu kapı kolu	146
kristal	466
krom aksesuar	5606
krom dizayn	57
krom metal	57
kroşe çeşidi	54
kucağı	110
küçük boy	108
küçük el havlusu	88
küçük ev aleti	2042
küçük ırk	71
küçük mutfak aleti	71
kulakiçi	65
kulaklık	5657
kulaklık mikrafon	60
küllük	395
külot	2644
külot çorap	761
külot takım	254
kültür sosyolojisi	205
kültür tarihi	319
kültür ve bilim	156
kum	78
kuma	67
kumanda	66
kumanda araç	87
kumanda butonu	82
kumanda kabı	111
kumanda oyuncak	2729
kumanda seti	64
kumaş	649
kumaş dokuma	236
kumaş file	121
kumaş flock	82
kumbara	51
kumpas	67
kupa	277
kupa bardak	212
küpe	1140
küpe ametist	52
kur'a	128
kur'a tefsir	2190
kur'a üzeri	172
kuramsal kitap	60
küresel vana	74
küreselleşme	80
kurşun kalem	115
kurşun kalem seti	61
kuru boya	89
kuru mama	305
kurum müessese tarihi	1286
kurumsal	10580
kurutma makinesi	154
kuş	708
kuş aksesuar	67
kutu	1830
kutu araç	94
kutu klasör	54
kutu oyun	75
kutu oyunu	57
kütüphanecilik	238
kutusu	174
kutusu disk	59
l oral	183
l style	59
la	384
la prairie	89
la samara	51
lacetti	167
laik	219
lamba	866
lamba ve ampul	101
lamba ve fener	130
lambader	68
lambası	59
laminasyon malzemesi	74
laminasyon rulo filmi	69
laney	67
language	1222
lanos	152
laptop	1094
laptop accessories	308
laptop aksesuar	267
laptop bilgisayar	679
laptop çanta	105
laptop gadgets	475
laptop kılıfı	159
lasers	4217
lastik	423
lastik lastiği	71
lastik tamir	69
lastik tamir bakım	504
lastik tamir spreyi	85
latex	98
lazer	310
lazer barkod	51
lazer cihaz	86
lazer çok yazıcı	1884
lazer distomat	52
lazer etiketi	178
lazer faks	136
lazer ölçü aleti	52
lazer toner	1136
lazer yazıcı	6183
lazer yazıcı aksesuarı	70
lazer yazıcı toneri	1738
le	710
le jardin	66
leather cases	90
led	1535
led ampul	144
led armatür	302
led car decorations	214
led gadgets	367
led keychains	205
led lamba	118
led light bulbs	476
led lighting	90
led monitör	243
led sehpası	60
led şerit	170
led stop lamba	75
led televizyon	590
led watches	84
ledli ampul	121
ledli aydınlatma	62
ledli lamba	265
ledli ledsiz stop	83
leganza	224
lego	512
lens	416
lenses	182
lensi	228
levha	281
licsapk	71
lifestyle gadgets	1086
light	61
lighter	59
lightings	255
lights	805
likör	165
limon kolonyası	56
link	466
lınks	62
lipgloss	219
lipstick	73
lisans	3775
lisans çizgi karakter	125
lise	613
lise ve dengi	142
literature novel	1597
living	197
loğusa iç giyim	120
lokma anahtar	112
lokma anahtarı	115
lokma takımı	128
lokma uç	99
lösev seramik	58
losyon	136
lüks dolmakalem	89
lüks kalem takımı	76
lüks mama sandalyesi	55
lüks rollerball kalem	72
lüks tükenmez kalem	179
lüks versatil kalem	77
lümen	73
m püskürtme	76
m t freze	70
maç	576
macbook aksesuarı	92
macera	5177
macera kahramanı	140
macera oyunu	262
macro lensi	62
mağaracılık	64
mağaza	1856
mağaza özel	54
magazin moda	234
magnifiers	118
maincategory category subcategory	511
makale	183
makara	104
makaron çeşidi	72
makas	259
maket	162
maket aksesuar boyası	83
maket bıçağı	57
maket gemi	211
maket gemi maketi	58
maket grubu	73
maket uçak maketi	197
makina	562
makinası	63
makine	193
makinesi	1259
makyaj	4248
makyaj çantası	323
makyaj fırçası	87
makyaj maskara	112
malatya	86
malatya ilan	169
mali ticari hukuk	223
maliye	250
maliye muhasebe	220
malzeme	353
malzemesi	792
mama	254
mama kapı	184
mama sandalyesi	513
mama sandalyesi portatif	81
mama sandalyesi ve	123
manager	173
mandren	64
mangal	79
manikür pedikür aks	153
manikür pedikür aksesuarı	153
manikür seti	168
manisa	60
manisa ilan	163
manşon	231
mantar pano	328
mantık	274
manyetik matkap	51
manyetik matkap ucu	70
marangoz aleti	220
marangoz işkencesi	66
mardin ilan	108
marea	177
marea ilan	59
marin elektrik	52
marine	300
marine balıkçılık	92
marine elektronik	167
marine motor sistemi	80
marine yat	386
marka	59
market balık dekorasyon	102
market balık ekipman	58
market kedi oyuncak	76
market köpek oyuncak	149
marksizm	131
marküteri sanat eseri	66
marşpiyel	59
masa	222
masa lambası	195
masa örtüsü	229
masa saati	187
masa tenisi	225
masa tenisi masası	83
masa tenisi raket	73
masa tenisi raketi	73
masaj	127
masaj aleti	429
masaj yağı	97
masal	2558
masal kitabı	93
masaüstü	2060
masaüstü aksesuarı	322
masaüstü bilgisayar	6656
masaüstü gereci	552
masaüstü monitörü	167
masaüstü telefon	263
masaüstü telsiz telefon	80
masaüstü yayıncılık	57
mascara	63
maskara	492
maske	487
master	471
mat	364
matara	382
matematik	530
matkap	534
matkap ucu	1810
matkap ucu kalite	166
matris şerit	1034
matris yazıcı	1237
matris yazıcı şeridi	184
mavi	323
mavi uçurtma yayını	75
maximiser	608
mayo	801
mazot filtresi	122
meal	115
mechanical	61
medeni hukuk	145
media	144
medikal	4287
medikal diabet	238
medikal ve sağlık	261
medya	829
medya oynatıcı	77
megane	1323
mektup	1375
melissa	117
meme protezi	118
memory	823
memory cards	528
memory performance series	66
memory stick	231
mengeçli küpe	80
menteşe açma	68
merdiven	87
meriva	56
merkezi kilit	149
merkezi kilit alarm	159
mersin	240
mersin ilan	400
metal	1064
metal halide ampul	236
metal için	61
metal matkap ucu	202
metal model	64
metal panç	214
metod	80
metre	222
metre modeli	81
mevzuat	270
meyve	393
meyve fidan	240
meyve sıkma makinesi	58
meyve suyu	71
mezhep tarihi	520
mezhep ve tarikat	578
michael	189
micro	85
micro alet	102
micro kasa	102
micro transflash	368
microphone	77
microphones	223
microscopes	118
midi	74
midi fırın	338
midibüs	585
midibüs crafter volt	115
midibüs karsa	59
midibüs master	101
midibüs minibüs	184
mikro alet	63
mikrodalga	477
mikrodalga fırın	194
mikrofon	5086
mikrofon kulaklık	1424
mikrofon ve kulaklık	702
mıkrofonlu	52
mikser	722
milliyetçilik	104
mimar	1193
mimar dekorasyon	353
mimar mühendis	1775
mimari	2224
minder	2145
mineral	294
mini	397
mini cooper	60
mini elbise	284
mini fırın	80
minibüs	2193
minibüs t serisi	68
minik ampul	77
minimise	51
minimiser	673
misafir koltuğu	63
misina	577
mitoloji	1969
mizah	1849
mm	223
mobil	82
mobil bellek	58
mobil elektrik	387
mobil mutfak	224
mobilya	1920
mobilya kulpu	104
moda	79
moddings	227
model	2956
model araç	352
model bebek	62
model iş makinası	65
model maket kiti	52
model ölçek	1017
model süs	85
modeli	143
models	253
modem	2328
modern	62
modern avize	67
modern model	111
modern sanat	225
modern türkiye tarihi	1872
modifiye parça	196
modülatör	356
modus	94
moleskine defter	71
mondeo	696
monitör	6495
monitör kablosu	58
monitör siyah	118
monoblok	132
monopod tripod	186
mont	260
mont ve parka	60
montaj elemanı	176
montaj kablosu	71
montaj kiti	364
monte yazı tahtası	200
motor	6760
motor aksamı	100
motor bakım	165
motor çalıştırma	89
motor kaputu	375
motor takozu	64
motor ve debriyaj	155
motor yağ katkısı	184
motor yağı	645
motorsiklet	703
motorsuz	152
motosiklet	160
motosiklet aksesuar	254
motosiklet kilidi	62
mounts	159
mouse	6511
mouse klavye	287
mouse pad	210
mouse set	1156
mouse seti	101
mouse ve klavye	347
movano	284
muadil kartuş	647
muadil toner	360
muadil toner fiyatı	364
mücevher bileklik	83
mücevher kolye altın	51
mücevher kolye pırlanta	59
mücevher kutusu	69
mücevher yüzük altın	61
mücevher yüzük pırlanta	61
mücevherat	83
mücevherat aksesuar	85
mücevherat bilezik	106
mücevherat gümüş	67
mücevherat koçak alyans	240
mücevherat koçak kolye	56
mücevherat koçak küpe	165
mücevherat koçak yüzük	168
mücevherat kolye	219
mücevherat küpe	161
mücevherat sultan altun	106
mücevherat takım	121
mücevherat tılsım	70
mücevherat yüzük	225
mug	206
muğla	73
muğla ilan	106
muhabbet kuşu	89
muhammed	185
muhasebe	373
mühendis	714
muhtelif	68
multi	145
multifunc lazer yazıcı	55
multimedya	136
multimedya klavye	56
multimetre	131
mum	996
mum ve	75
murat	72
mürekepli çok fonksiyonlu	74
mürekkebi	112
mürekkep kartuş	1180
mürekkep kartuşu	234
mürekkep püskürtme	195
mürekkep püskürtme faks	69
mürekkep püskürtme yazıcı	107
mürekkep yazıcı kartuşu	354
musevilik	236
music	1939
müşir	134
musluk banyo bataryası	56
musluk lavabo bataryası	91
musluk mutfak bataryası	109
mutfağı	216
mutfak	10101
mutfak aksesuarı	269
mutfak aleti	487
mutfak beyaz eşya	128
mutfak ekipmanı	81
mutfak elektrik süpürge	63
mutfak gereci	755
mutfak gereci çatal	79
mutfak gereci servis	68
mutfak gereci tencere	59
mutfak malzemesi	162
mutfak robotu	438
mutfak tartısı	98
mutfak yardımcısı	297
mutlu yaşam	73
müze	134
müzik	14020
müzik aleti	697
müzik aleti aksamı	191
müzik aleti amfi	77
müzik aleti gitar	63
müzik aleti mikrofon	112
müzik aleti org	72
müzik aleti pedal	144
müzik aleti perküsyon	116
müzik sanatçı	327
müzik sanatçı arabesk	84
müzik sanatçı etnik	65
müzik sanatçı fantazi	213
müzik sanatçı özgün	123
müzik sanatçı pop	1102
müzik seti	113
müzik sistemi	456
müzik yabancı sanatçı	1689
müzik yazılımı	66
naçar	593
nadir bulunan	70
nalburiye	236
namaz	146
naranciye sıkacağı	54
narenciye sıkacağı	364
narenciye sıkma makinası	88
naughty gadgets	575
navigasyon	474
navigasyon cihaz	148
navigasyon cihazı	1160
navigasyon sistemi	86
naylon ağzı yapıştırma	68
necklaces	330
nefes müzik aleti	67
nem alma	91
nem cihazı	76
nemlendirici	586
nemlendirici seri	64
nemlendirme cihazı	92
nemliyer	143
neon	115
neon lamba	253
nesi	56
netbook	1577
netbook mini notebook	216
nettencicek	70
network	11115
network aksesuar	213
network aksesuarı	66
network kablo	147
networking	1700
neva color	81
nevresim	277
nevresim takım	102
nevresim takımı	622
nevresim takımı saten	69
nevşehir	57
nevşehir ilan	118
niğde ilan	59
nikah şekeri alternatifi	64
nikelaj harf	1134
nirvana	65
nivo	62
nokta vuruş	178
nokta vuruş yazıcı	155
noktai	63
norm	257
normal	439
normal balast	59
normal film	181
normal tip ampül	134
north kıyafet	138
not defteri	80
nota	361
nota kitabı	53
notebook	6433
notebook adaptör	86
notebook adaptörü	59
notebook aksesuar	245
notebook aksesuarı	935
notebook belleği	792
notebook bellek	67
notebook bellek ram	88
notebook çantası	1752
notebook kablosu	92
notebook klavye	73
notebook laptop	84
notebook memory	78
notebook ve	59
notebook ve aksesuarı	339
numara	483
nümismatik pul	225
o ağda	73
o bayan	227
o erkek	197
o eyeshadow	71
o kablosu	67
o tampon	70
ocak	877
oerlikon kaynak elektrodu	103
of	57
office	4473
office equipment	127
ofis	17895
ofis ağ	160
ofis bellek	91
ofis bilgisayar dizüstü	142
ofis bilgisayar masaüstü	123
ofis bilgisayar netbook	51
ofis hoparlör	100
ofis kırtasiye büro	270
ofis koltuk	60
ofis kulaklık	132
ofis lisans	847
ofis malzemesi	1247
ofis mobilya	309
ofis monitör	80
ofis overclock soğutucu	69
ofis player	71
ofis taşınabilir disk	58
ofis uygulama	634
ofis uygulaması	291
ofis ve tüketim	4558
ofis yazıcı	309
ofis yazılımı	117
öğrenci gitarı	83
öğütücü	161
oje	185
okey	67
oksijen	69
okul	1274
okul çağı	5064
okul çantası	70
okul kırtasiye	70
okul öncesi	3068
okuyucu	96
olay	107
ölçek uçak maketi	76
ölçü aleti	550
ölçü cihazı	328
ölçü stripi	82
olimpiyat	98
olta makinesi	79
ombre eclat	99
omuz	151
omuz ve korse	96
ön	1682
ön cam film	64
ön cam perde	258
ön çamur sağ	56
ön çamur sol	56
ön fren diski	94
ön fren hortumu	124
ön panel komple	158
ön panjur	115
ön panjur nikelajlı	80
ön panjur siyah	99
ön rüzgar	209
ön takım	281
ön tampon	106
ön tampon demiri	150
onestation games	105
online	267
önlük	569
optik	353
optik dürbün	167
optik fiber	160
optik sürücü	488
optik tarayıcı	672
optik teleskop	75
optimum	51
oral	92
orchestral	71
ordu ilan	83
org	108
organik	166
organik bitkisel yağ	53
orjinal design	140
orjinal kartuş	553
orjinal plotter kartuşu	155
orjinal toner	788
orjinal toner fiyatı	808
ornaments	221
orta ırk	59
orta sehpa	70
ortadoğu	346
ortapedik	280
ortopedi	67
oruç	146
oryantalist resim	138
osiloskop	61
osmaniye	82
osmaniye ilan	134
osmanlı dönemi	400
osmanlı koleksiyonu	55
osmanlı tarihi	4782
osmanlı uygarlığı	52
osmanlıca	3521
otantik set	52
otel serisi	134
other	191
other languages	165
other led lights	256
other office equipment	53
other watches	104
others	1116
oto	1536
oto aksesuar	21172
oto aksesuar alarm	377
oto aksesuar amplifikatör	57
oto aksesuar anahtar	135
oto aksesuar bakım	602
oto aksesuar direksiyon	93
oto aksesuar güneş	71
oto aksesuar hoparlör	89
oto aksesuar jant	221
oto aksesuar kokusu	224
oto aksesuar kolçak	329
oto aksesuar korna	309
oto aksesuar krom	2392
oto aksesuar lastiği	831
oto aksesuar lastik	142
oto aksesuar motorsiklet	71
oto aksesuar motosiklet	176
oto aksesuar paspas	209
oto aksesuar rüzgar	121
oto aksesuar rüzgarlığı	474
oto aksesuar ses	711
oto aksesuar seyahat	112
oto aksesuar yapıştırıcısı	59
oto aksesuarı	16304
oto alarm sistemi	101
oto ampülü	93
oto aydınlatma	5409
oto aydınlatma far	115
oto aydınlatma lamba	72
oto aydınlatma lambası	213
oto bakım	3730
oto bakım kişisel	101
oto bakım koru	121
oto bakım madenı	83
oto bakım temızlık	69
oto body kit	1477
oto boyası	106
oto buji kablosu	150
oto buzdolabı	598
oto cd ça	56
oto cihazı	52
oto el aleti	528
oto elektrik	235
oto görüntü sistemi	107
oto hoparlör	93
oto kokusu	938
oto koltuğu	2235
oto koltuğu aksesuarı	185
oto koltuk kılıfı	1316
oto konfor	103
oto müzik sistemi	139
oto paspas	189
oto paspas çeşidi	155
oto radyo	157
oto ray perde	111
oto rüzgarlığı	1465
oto ses	87
oto ses sistemi	348
oto seyahat kolcağı	51
oto teyp	189
oto teyp çerçevesi	111
oto trafik malzemesi	70
oto tuning	52
oto vantilatör	64
oto ve motorsiklet	8547
oto yedek parça	15382
otobiyografi	621
otokar	91
otomat gurubu	68
otomat kutusu	81
otomatik	84
otomatik sigorta	90
otomatik tasma	107
otomobil	14872
otomobil ampulü	1361
otomotiv	304
otomotiv aleti	61
otomotiv servis ekipmanı	110
otosan	294
otosan fiesta	52
otosan tourneo connect	1087
otosan transit	671
otosan transit connect	178
otosan transit l	51
otosan transit t	96
otoyol	240
otoyol m	100
oturak	59
oturma grubu	185
outlander	128
outlet	2416
outlet bilgisayar	72
ov	81
overclock	4814
öykü	3283
oyma	136
oynatıcı	1283
oyun	22352
oyun aksesuarı	418
oyun bilgisayar oyunu	56
oyun halısı	115
oyun hamuru	111
oyun hobi figür	86
oyun hobi nargile	65
oyun hobi tablo	241
oyun kolu	225
oyun konsol aksesuar	106
oyun konsolu	3073
oyun konsolu aksesuarı	94
oyun konsolu indirim	106
oyun konsolu oyunu	171
oyun konsolu playstation	354
oyun kontrolü	809
oyun kumandası	126
oyun parkı	136
oyun seti	592
oyun sistemi	959
oyun takımı	99
oyun ve eğlence	984
oyun ve oyuncak	5631
oyuncağı	53
oyuncak	10170
oyuncak araç	142
oyuncak Ay	172
oyuncak bebek	528
oyuncak çıngırak	84
oyuncak diş	67
oyuncak dönence	73
oyuncak eğitsel lego	93
oyuncak köpek oyuncağı	53
oyuncak oyun hamuru	84
oyuncak yaş üstü	173
oyunu	899
oyunu aksiyon	125
oyunu tür	134
özel	64
özel bitkisel yağ	91
özel takviye	359
özelliği	405
öznur kablo	89
pabtolon	89
pacalık	98
pad	262
padlock	56
pageone	65
paint marker kalemi	108
pajero	344
paket	130
pal	74
palet	122
palio	118
palio ilan	163
palio ilan multijet	52
palto	56
panç	217
panç testere	201
panda	82
panel radyatör	73
panelvan	3833
panelvan caddy	839
panelvan cam	135
panelvan caravelle	167
panelvan combi	140
panelvan corsavan	55
panelvan doblo	440
panelvan doblo actual	69
panelvan doblo multijet	276
panelvan doblo premio	102
panelvan ducato	77
panelvan kangoo	474
panelvan kangoo express	74
panelvan kangoo expression	104
panelvan kangoo multix	545
panelvan master panel	53
panelvan minibüs	99
panelvan multijet	313
panelvan multijet combi	101
panelvan multiway	73
panelvan panel	161
panelvan partner	113
panelvan partner combi	108
panelvan partner dizel	349
panelvan partner tepee	78
panelvan trafic	95
panelvan transporter cam	153
panelvan transporter minibüs	171
panelvan viano	66
panjur ızgara	124
pano	279
pano kutu	130
pano ve aksesuarı	53
pano yazı tahtası	229
panorama puzzle	69
panter testere bıçağı	57
pantolon	642
pantolon bayan	171
pantolon çorabı	261
papağan	211
para	2474
paralel	61
paralel kablo	99
parapsikoloji	730
parça	1593
parça puzzle	2172
parça yemek takımı	55
parçası	3645
pareo	254
parfüm	10985
parfüm erkek parfümü	138
parfüm set	260
parfüm ve deodorant	58
park	852
park sensörü	824
parkyatak	370
parlatıcı	156
parlatma	59
parti	130
partner	647
parts	1399
party supplies	186
paspas	3451
pasta kalp	197
pastel	494
pastel boya	70
patch	169
patch kablosu	82
patent	294
patik	475
patinaj zinciri	112
patinaj zinciri serme	71
patinaj zinciri takmatik	291
patrol	73
paylaşım cihazı	297
pazarlama	1467
peçete halkası	57
ped	74
pedagojik formasyon kitabı	134
pedal çöp kovası	51
pedal seti	739
peeling	183
peeling ve exfoliator	95
pelikan	180
pelüş	138
peluş oyuncak	981
peluş oyuncak eeyore	77
peluş oyuncak piglet	67
peluş oyuncak tigger	70
peluş oyuncak winnie	82
pembe	63
penis büyütücü	109
pens	128
pense	374
pentium	104
perde	326
performance	160
performans	634
performans stop	903
permanent marker kalem	251
personalized	297
personel	78
peruk	478
pervane	485
peştemal	55
petshop	526
petshop kedi oyuncağı	136
petshop kedi oyuncak	60
petshop kedi tasması	51
petshop kedi tuvaleti	76
petshop köpek elbisesi	66
petshop köpek tasma	218
petshop köpek vitamini	62
petshop köpek yatağı	52
petshop köpek yatak	78
peyzaj	269
phone	3977
phone aksesuar	113
phone aksesuarı	1287
phone gadgets	723
phone tools	199
phones	4549
photo	982
photo frames	137
photography tools	168
pi	261
picks	79
pierre cardin	500
pijama	1357
pijama ve gecelik	95
pike takımı	123
piknik	239
pil	1408
pil akü	97
pil şarj	114
pil şarj cihazı	236
pil ve şarj	1689
pilates	114
pipo	620
pırlanta	1393
pırlanta alyans	180
pırlanta bileklik	74
pırlanta bilezik	64
pırlanta kolye	326
pırlanta küpe	175
pırlanta küpe inci	52
pırlanta spor kolye	108
pırlanta spor küpe	64
pırlanta spor yüzük	76
pırlanta yüzük	319
pis su	151
pişik kremi	77
pişirici	189
pişirici ve ısıtıcı	168
pişirme	94
pişirme ekipmanı	129
pişirme ve kızartma	412
pislik	52
piston	57
piyano	135
piyes	760
plaj	427
plaj çantası	54
plaj ve bahçe	287
plaka	315
plaka koruyucu	53
planet waves	105
planya	70
plasitk beyaz seri	294
plastik	1201
plastik klasör	184
plastik maske	61
plastik renk seri	264
plastik tel dosya	82
platform	139
player	1511
players	920
playstation	2335
playstation accessories	80
playstation oyunu	220
playstation portable	776
plazma	454
plazma stand	61
plazma televizyon	98
pleksiglas	546
plotter kartuşu	188
plugs	146
polen filtresi	92
polen filtresi karbonsuz	78
polikarbonat	223
polisaj	272
polisiye	1018
politik	84
politika	2942
polo	2296
polo country	289
pompa	228
pop	324
pop music	1058
popü bilim	683
popü bilim kitabı	87
popü istenmeyen tüy	103
porselen	81
porselen takım	86
portable	58
portbebe	76
portbebe bakım çantası	57
porter kamyonet	458
portmanto	57
poster	180
pota	69
power	173
power supply	1290
practical gadgets	120
presenters	295
press	63
prestij	197
prestij kitabı	361
prezervatif	325
prince	228
print server	191
printer	103
printer kablosu	1022
priz	1904
priz çeşidi	51
priz ve fiş	58
professional	283
professional power	67
professional tools	948
profesyonel	142
profesyonel el aleti	84
profesyonel elmas bıçak	72
profesyonel gitar	62
profesyonel puzzle	68
profesyonel sistem kablo	76
profesyonel tırnak bakımı	68
programlama	111
projeksiyon	4902
projeksiyon aksesuar	125
projeksiyon aksesuarı	455
projeksiyon cihazı	564
projeksiyon kablosu	62
projeksiyon makinası perde	77
projeksiyon perdesi	64
projektör	578
projektör aksesuarı	69
projektör askı aparatı	55
projektör çeşidi	133
prosesör	144
protectors	1297
protein	171
protest	163
protez	223
protez ask	121
proton	55
psikanaliz	123
psikoloji	8712
psikolojik araştırma teknik	67
pudra	540
pul yem	62
puma	306
punto	345
puppies	106
puset	1301
puset bebek	56
pusula	152
puzzle	1695
puzzle çocuk	140
puzzle grubu	109
puzzle parça art	96
puzzle parça games	82
puzzle ve aksesuar	2778
qashqai tekna	55
quinepic	94
qwerty phones	86
rabanne	92
racer	207
radeon	93
radio clocks	379
radyatör	267
radyatör su	57
radyatörü	52
radyo	509
raket	92
rakı	146
raks	54
ram	1332
range	148
range sport	286
ray	274
ray oynatıcı	365
ray perde	723
ray sürücü	78
ray yazıcı	73
raymond	74
realistik penis	277
receiver	66
redüksiyon	79
referans	4873
referans kitap	74
reference	1212
reflektör	262
refresheners	59
regent	83
regülatör	343
rehber	1842
reklam sağlık yaşam	92
reklam şişme yatak	63
reklamcılık	142
remote controllers	62
remotes	146
remotes docks	120
removal	54
rende	60
renk	185
renk kartuş	86
renk kozmetik	149
renk lazer	153
renk lazer yazıcı	1535
renk pleksiglas	401
renk seri aksesuarı	219
renk taş kolye	100
renk taş küpe	58
renk taş yüzük	61
renk toner	123
renk yazıcı	174
renklı	107
repair	382
replacement	146
replacement parts	158
resim	458
resim heykel	633
resim portre ve	241
rıchard	65
rimel	1105
rings	78
ritim aleti	380
roberto cavalli	70
rodeo fırçası	62
rol yedeği	62
role	377
rollerball kalem	683
rom	98
roman	46538
roman öykü	8738
rondo	149
röportaj	204
rot	260
rot başı	225
rot ön	136
rot sağ ön	59
rot sol ön	57
rotbaşı sağ	167
rotbaşı sol	138
rotıl	348
rotmili	240
router	338
ruj	1202
rulman	195
rulmanı	204
rulo film	121
rulo yazıcı	101
rüya tabir	204
ruzgarlık	110
sa	148
saat	36765
saat bayan saati	56
saat erkek	502
saat gösterge	163
saat kol	88
saat saati kol	104
saat t çakmak	90
saat takı aksesuar	96
saat ve aksesuar	153
saati	518
sabah	59
sabit disk	701
sabit disk dahili	151
sabit disk harddisk	732
sabit disk harici	215
şablon çeşidi	205
sabun	912
saç	217
saç bakım	1490
saç bakımı	1432
saç bakımı kremi	129
saç bakımı şampuan	317
saç boyası	933
saç boyası seti	342
saç dökülme karşı	57
saç düzleştirici	212
saç fırçası	803
saç jölesi	432
saç kesme makinesi	106
saç köpüğü	187
saç kremi	440
saç kurutma	122
saç kurutma makinesi	442
saç maskesi	110
sac pano	57
sac salıncak sağ	105
sac salıncak sol	81
saç şekillendirici	222
saç şekillendirme	520
saç şekillendirme seti	305
saç spreyi	230
sacchi	51
safrane	74
sağ rot başı	72
sağ salıncak	64
sağlık	18026
sağlık ateş ölçer	70
sağlık banyo	51
sağlık bijuteri ağda	83
sağlık bijuteri makyaj	84
sağlık cihaz	115
sağlık cihazı	145
sağlık cilt bakım	120
sağlık el	278
sağlık epilasyon epilatör	61
sağlık gereci	112
sağlık güneş	117
sağlık güzel	593
sağlık sabun	290
sağlık tansiyon aleti	108
sağlık tıraş bıçak	187
sağlık tıraş makinesi	117
sağlık ve hijyen	533
sağlık ve postiş	155
sağlık ve yaşam	1653
sağlık vücut bakım	212
sağlık yaşam	1604
saha ekipmanı	186
şahin	456
şahin ilan	396
sahne	318
sahne sanatı	226
sakal	67
sakal fırçası	81
sakal kesme makinası	62
sakal tıraşı	150
saklama kapı	72
saksı	142
sal	86
salık ve	116
salıncak	112
salıncak burcu	98
sallanan oyuncak	76
salon	58
salon aksesuarı	1097
salon takımı	531
salt grubu	258
şalter	193
şamandıra	75
şamdan	159
şampiyon kamyon	122
şampuan	1502
şampuan normal	77
şampuan ve sabun	135
samsun	109
samsun ilan	260
sanat	16251
sanat kuram	154
sanat tarihi	2302
sanat ve beceri	77
sanayi tipi fiş	116
sandalet	168
sandalye	91
şanlıurfa	62
şanlıurfa ilan	103
santa	238
santrifüj pompa	83
şanzıman	262
şanzıman defransiyel	322
sap mop zımpara	113
şapka	359
şarap	213
şarap mahzeni kırmızı	84
sarf	1472
sarf kartuş	178
sarf malzeme	89
sarf malzeme kablo	305
sarf malzemesi	1981
sarf malzemesi drum	55
sarf malzemesi kablo	92
sarf malzemesi toner	430
sarf malzemesi yazılabilir	84
sarf notebook aksesuarı	122
sarı	418
sarı cam	102
sari gurubu	143
şarj	257
şarj aleti	98
şarj aleti batarya	81
şarj cihazı	1404
şarj edilebilir pil	717
şarj gergi rulmanı	57
şarj makinası	68
şarjlı el süpürgesi	99
şarjlı süpürge	208
sarkıt	63
sarkıt armatür	104
sarkıt avize	79
sarkıt lamba	120
şarküteri	158
şartlandırıcı	57
şase bohça havlu	51
sata	482
satellite	89
saten gecelik	59
saten nevresim	51
satır yazıcı	460
satış	809
satranç	63
satranç briç oyun	85
sauna malzemesi	82
savaş	832
savaş oyunu	64
sayfa	175
sayfa toner	52
saz	126
scale	207
scale fuselage body	78
scales	96
scart	287
scart kablo	75
scenic	146
scooter	63
screen	129
screen protectors	755
screen sim standby	70
screen standby	140
sdram	53
sebze sıkıcısı	198
sebze tohumu	55
seçenek	174
secure	165
secure dijital kart	62
security	287
seda	1447
sedef mücevher kutusu	89
sedna serisi	67
segman	85
segman pensesi	64
şehir	588
şehir tarihi	3354
sehpa	182
sehpa market	51
sehpa stand	86
sehpa ve stand	82
sehpası	140
sehpası ahşap	113
şeker	112
şekil oyuncak	56
şekillendirici	290
seksi	57
seksi fantazi giyim	968
seksi giyim	1166
selçuklu	453
selçuklu tarihi	223
select	81
selektif bayan parfümü	2550
selektif erkek parfümü	1613
selülit	103
semerkand yayını	162
şemsiye	165
senaryo	62
sentetik tulum	112
seperatör	77
sepet ve kutu	82
sera	86
seramik	273
seramik el yapıyı	73
sergi	134
seri	3006
seri sonu indirim	70
series	373
serisi	2278
serisi basınç düşürücü	54
serisonu	207
şerit	3036
şerit metre	95
sert kılıf	153
sert plastik	74
serum	153
serum ve ampul	116
server	458
server aksesuar	119
server destek	62
server kullanıcı paketi	124
server lisansı	734
server sunucu	179
servis	575
servis ekipmanı	239
servis seti	85
servo	200
servo voltaj regülatörü	79
ses	2108
ses cihazı	120
ses kablosu	386
ses kartı	553
ses kayıt	824
ses kayıt cihazı	350
ses müzik görüntü	1705
ses proje	51
ses sistemi	1131
ses ve görüntü	794
ses ve kablo	250
ses ve sistemi	1402
sesli kitap	103
set	1580
set boya	522
set üstü armatür	69
seti	397
setüstü ocak	115
seyahat	1147
seyahat ihtiyacı	91
seyahat kola	98
seyahat kolçağı	499
seyahatname	585
seyyar lamba	106
şezlong	138
sharan	165
shaving	59
sheet metal panç	73
shirt	4435
shirt bay	239
shirt bayan	272
shirt ve sweatshirt	114
shoes	455
şhort	132
sıcak hava tabancası	57
sıcak soğuk paket	346
şifa bitki	313
sığma	144
sigorta	506
sigorta kutusu	139
şiir	20810
sıkıştırma dosya	80
sikke	91
silecek	1183
silecek aksesuarı	163
silecek araç özel	574
silecek cm	523
silecek motoru	108
silgi	199
silicone cases	282
silikon	54
silikon emzik	128
silikon kablosu	59
silikon kek kalp	91
silikon kılıf	52
şilte	231
silver	222
sim standby phone	57
simülasyon	356
sınav	112
sınav hazırlık	2015
sınav hazırlık kitabı	1317
sinema	258
sinema inceleme	549
sinema sistemi	106
sinema tiyatro	720
sinyal	261
sinyal kablosu	72
sinyal lamba	717
sinyal lambası	111
sıradışı	68
siren	772
siren araç kornası	93
siren korna	77
sirke	56
sırt çantası	240
sis far	137
sis farı	148
sis lamba	417
sis lambası	442
sis lambası sağ	100
şişe	99
şişme bebek	272
şişme bot	85
sistemi	965
sıva altı	148
sıva üstü	173
sıva üstü spot	62
sivas	53
sivas ilan	119
sıvı sabun	275
sıvı yapıştırıcı	78
sivilce	58
siyah	1586
siyah kartuş	104
siyah nokta	58
siyah toner	255
siyasal düşünce	51
siyasal hayat	215
siyaset	41435
siyaset bilimi	758
siyaset felsefesi	870
siyaset politika	3296
siyaset sosyolojisi	151
siyasetçi	68
siyasi akım	234
siyasi tarih	2078
siyer	231
ski	91
skins	1692
slide phones	155
slip	1192
slip yazıcı	273
smartphone	383
sn	242
snowboard	53
so chargers	214
so enerji	55
so powered gadgets	264
soba	175
sodyum buhar ampul	82
şofben	116
softshell ceket	109
soğutma	577
soğutma ısıtma	2269
soğutma ısıtma sistemi	51
soğutma sistemi	358
soğutucu	560
soğutucu fan	51
sokak	185
soket	602
soket duy ampul	322
sol	302
sol aynı	53
sol aynı adet	447
sol rot başı	55
sol salıncak	75
sol set	313
somun sıkma motoru	63
son gelen	175
son susturucu	53
sonat	388
sonrası losyon	169
sorento	585
şort	433
soru bankası	191
sosyal psikoloji	821
sosyal tarih	1070
sosyalizm	131
sosyoloji	2650
soundtracks	194
soy	75
söyleşi	184
sözlük	249
spark	113
speaker	623
speaker hoporlör	111
speaker siyah	56
speakers	961
specialty flashlights	144
specialty parts	72
spinner	60
spiral hortum	326
spiral tasarruf ampul	63
spiralli lüks defter	137
spiralli okul defteri	110
spoi	453
spor	8470
spor aksesuar havalandırma	55
spor aksesuar panjur	63
spor aksesuar tampon	59
spor aleti	62
spor amortisör	159
spor ayakkabı	817
spor çantası	67
spor direksiyon	105
spor direksiyon göbeği	74
spor gümüş yüzük	125
spor kategorisi	1762
spor malzemesi	159
spor oyunu	64
spor tarihi	224
spor ve fitness	2221
spor ve sporcu	157
spor yay	408
sporcu	437
sporcu aleti	60
sporcu destek	143
sport	322
sportage	190
sportif paspas	83
sports	93
spot	181
spot ampul	87
spot armatür	143
spot model	155
sprey	301
sprey boya	55
sprey koku	319
stand ve soğutucu	52
standart	1126
standart delgeç	82
standart mat ampul	55
standart model	70
standart not	51
standart şeffaf ampul	58
standart tip kanal	87
standart zımba makinası	133
star	186
start	63
state disk	152
station	422
stationaries	414
steel	86
stepne kılıfı	104
stereo headphones	66
steril set	65
sterilizatör	72
steteskop	95
stetoskop	96
stick	339
sticker	1738
stılo	100
stop lamba	467
stop lamba şeffaf	86
stop lambası	393
stop lambası modifiye	146
storage	145
strapless	81
strateji	446
stuffed animals	90
style	141
stylus	141
su	265
su aktivite	72
su arıtma cihazı	53
su düzenleyici	244
su geçirmez ceket	233
su ısıtıcı	158
su ısıtıcı kettle	458
su ısıtıcı ve	57
su ısıtıcısı	305
su ısıtma cihazı	67
su oyun	71
su pompası	54
su radyatörü	52
su sebili	155
su terazisi	184
su tutucu	56
subwoofer	428
sulama	64
sümen takımı	51
sünger	73
sunglasses	378
sun'î vajina	68
sun'î yem kaşık	67
sünnet	273
sunucu	2672
sunucu aksesuar	108
sunucu aksesuarı	535
sunucu kabinet	144
sunucu kabineti	831
sunucu server kabinet	124
sunum	141
sunum dosyası	233
supplies	166
süpürge	240
surround sistem	133
sürücü	185
sürüngen	348
sus	204
süs havuzu	59
süspansiyon	156
suspansiyon alt takım	5843
süspansiyon sistemi	57
süt	56
sutyen	2198
sütyen modeli	510
sütyen takımı	326
süveter	102
sweat	113
sweatshirt	1934
sweet	63
swift	64
swimming supplies	136
switch	2020
switch aksesuarı	64
switch kablosu	56
switches	342
swshirt	64
t kanuni	87
ta	137
tabak	605
taban	52
taban sunucu	719
tabanca	242
tabanca kabzesi	171
tablet	224
tablo	1143
tabure	87
taç	173
tak	58
takı	8841
takı güneş gözlüğü	179
takı ve mücevher	1631
takım	809
takım basketbol top	51
takım çantası	160
takım elbise	78
takım futbol ayakkabısı	100
takım hırdavat	67
takım tenis raketi	59
takımı	54
takma kirpik	82
takma tırnak	73
takmas saç	226
takoz	161
takvim altlığı	64
takviye	66
talama	273
tam boy fırın	59
tamir seti	78
tampon	108
tampon aksesuar	58
tampon aksesuarı	212
tan	52
tanaçan	104
tanga	421
tank zımpara	61
tansiyon	288
tansiyon aleti	788
tansiyon ölçer	345
tar	132
taraftar	154
taraftar aksesuar	75
tarak	313
tarayıcı	6710
tarayıcı aksesuarı	238
tarayıcı çeşidi	94
tarayıcı çokişlevli	85
tarayıcı lazer	83
tarayıcı scanner	167
tarayıcı ve fotokopi	325
tarçın	76
tarih	36320
tarih çalışması	108
tarihi	1013
tarihi mekan türkiye	69
tarihi roman	1708
tarihsel roman	619
tart	156
tartı	72
taş	76
taş disk	102
taş kolye	54
taş matkap ucu	174
tasarım	1726
tasavvuf	3502
taşım çantası	328
taşım ekipmanı	78
taşınabilir	1251
taşınabilir aks	333
taşınabilir aksesuarı	343
taşınabilir bilgisayar	10877
taşınabilir bilgisayar aksesuar	323
taşınabilir bilgisayar aksesuarı	2757
taşınabilir bilgisayar notebook	495
taşınabilir disk	757
taşınabilir harddisk	166
taşınabilir ses cihazı	1544
taşıt	95
taşlama	338
taşlama taşı	104
taşlama taşı kum	58
tasma	509
tatlı su	145
tava	847
tava teflon	103
tava ve seti	85
tavan	150
tavan armatür	678
tavan armatür çeşidi	256
tavan armatürü	407
tavan lamba	595
tavla	56
tavşan	93
tayt	731
tef	68
teflon mutfak eşyası	94
teflon set	85
tefsir	116
tek dal	391
tek kişilik	193
tek parça	420
tek parça mimoza	51
tek ta	100
tekbirsilver	2120
tekerleme	146
tekila	65
tekli far	57
tekne	146
tekne elektriği	65
teknik	451
teknik el aleti	73
teknik fırça	99
teknik malzeme	180
teknoloji	224
tekstil	2208
tekstil giyim	403
tektaş pırlanta	194
tel	728
telefon	7942
telefon aksesuarı	1913
telefon aksesuarı batarya	115
telefon aksesuarı kılıf	60
telefon cep telefonu	630
telefon iletiş	55
telefon kablosu	106
telefon makinası	213
telefon marka göre	55
telefon santral sistemi	109
telefon santrali	72
telefon şarj kiti	93
telefon tutucu	275
telefonu	107
telekom	301
telephone	52
telephones	72
teleskop	169
televizyon	4203
televizyon aksesuarı	615
telkari küpe	60
telsiz	1048
telsiz telefon	659
temel bilim	294
temel eser	432
temiz	408
temiz gereci	73
temiz koku	177
temiz makinesi	117
temiz malzemesi	394
temiz pasta	91
temiz yer bakımı	204
temizleme	470
temizleme losyonu	77
temizleme mendili	211
temizleme sütü	114
temizleyici	654
temizleyici seri	128
temızlık	603
tempra	200
tempra ilan	118
temsa	407
temsa l	82
temsa l cam	129
temsa l panel	103
tencere	1318
tencere seti	349
tencere ve tava	182
teneues	66
teneues defter	55
tenis	196
tenis aksesuarı	77
tenis ayakkabısı	187
tenis çantası	156
tenis kıyafeti	198
tenis raketi	380
tenis raketi kordajı	97
tenis topu	82
teori kuram	1386
tepe	51
tepe lambası	310
tepsi	191
terapi	131
terazi	270
terlik	532
terlik ayakkabı çocuk	112
termal faks	170
termal ribbon	132
termal transfer faks	51
termal yazıcı	298
termik röle	127
termometre	193
termos	394
termos grubu	51
termos matara	62
termos ve matara	82
termosifon	96
termostat	318
termostat müşür devirdayım	1042
terörizm	71
terra	205
terracotta far	65
terrano	81
teşbih	301
tesisat	132
tesisat kablosu	104
tesisat malzemesi	237
tesisatçı aleti	71
test	786
testere	362
teyp	196
teyp çerçevesi	208
teyp veri depolama	373
tezgah	82
tezgah makinası	137
ticaret	51
ticari araç	226
tilki kuyruğu testere	69
tip	440
tıp eczacılık	232
tıp mars motoru	271
tıp şarj dınamosu	98
tipi	79
tıraş	106
tıraş balsamı	82
tıraş jeli	104
tıraş kolonyası	126
tıraş köpüğü	126
tıraş makinesi	159
tıraş sonrası	125
tırmanış	1181
tırnak bakımı	266
tırnak et makası	101
tırnak makası	160
tırnak makyajı	71
tırnak törpüsü	60
tişört	154
titanium	53
titanyum	897
titreşim	69
titreşim zımpara	59
tiyatr	747
tiyatro	1361
tiyatro inceleme	165
tobacco	292
tokat ilan	101
toledo	812
toner	20796
toner dolu fiyatı	396
toner kartuş	78
toner kırmızı	61
toner mavi	51
toner sarı	72
tonik	198
tools	1054
top	568
toparlayıcı	701
toplu iğne	80
toplum	27878
toplum bilimi	1365
toplumsal cinsiyet	217
toplumsal konu	297
toptan sipariş	984
torba elektrik süpürgesi	55
torba zarf	81
tork anahtarı	97
torna aynası	141
tornavida	349
tornavida seti	79
tornavida ve uç	764
tornavida vidalama	117
toros	185
torpido	376
torpido aksesuar	289
torpido aksesuarı	102
torpido kaplama	9569
torpido kaplama set	67
torpido kaplama seti	1565
tost	262
tost makinası	96
tost makinesi	598
touareg	120
touran	181
tourneo connect	75
toz	102
toz maskesi	65
toz torbası ve	72
trabzon	79
trabzon ilan	153
traditional series	387
trafik	337
trafik ikaz levhası	118
trafik levhası	118
trafik malzeme	61
trafik malzemesi	1354
trafik seti	376
trafo	85
transit	520
transmitter	67
transmitters	224
transpalet	119
transparent	79
transporter	2201
transporter panelvan	651
travel	53
travel guides	267
travel sistem	78
travel sistem bebek	334
travelling needs	123
treakking ayakkabısı	51
trend	157
tricky	71
trifaz	53
trifaze	92
triger kayışı seti	66
triko	530
tripod	88
tropikal	83
tucson	200
tuğra	60
tükenmez kalem	305
tüketici	175
tüketici elektroniği	16197
tüketici elektroniği projeksiyon	56
tüketim	13469
tüketim malzemesi	17039
tüketim notebook	112
tüketim ve aksesuar	1732
tulum	103
tüm marka	4788
tümü	402
tunik	139
tuning	655
tuning direksiyon	116
tuning egzos ucu	75
tuning göstrge	54
tuning korna	84
tuning krom aksesuar	745
tuning mobil elektrik	57
tuning oto rüzgarlığı	122
tuning pedal seti	77
tuning performans stop	52
tuning seti	158
tuning spor	224
tuning sport	3569
tüp	99
tüp boya	164
turizm	2628
türkçe	360
türkçe pop	1018
türkiye	1189
türkiye cumhuriyeti tarihi	2139
türkiye ekonomisi	1502
türkiye iktisat tarihi	252
turuncu	125
tutamak	58
tütsü	251
tutucu	91
tütün malzemesi	61
tuvalet	102
tuvalet kapı	58
tüy dökücü	94
tüy dökücü krem	62
tuz	107
tuz su akvaryumu	207
tweeter	117
twingo	73
uç	336
üç mevsim çadır	70
üç tekerlek bebek	189
uçak	1436
üçgen reflektör	100
üçgen zımpara kağıdı	76
ucu	377
ucuz alışveriş	19486
ülke tarihi	60
ultrafire lights	181
uluslararası ilişki	361
uluslararası ilişki dış	142
üniversal	893
üniversite	227
üniversite ders kitabı	70
us	144
üst	69
üst giyim	673
üst giysi	895
ütü	1519
ütü grubu	483
ütü gurubu	123
ütü masası	235
uyarı levhası	147
uydu	65
uydu alıcı	169
uydu alıcısı	176
uydu ekipman	267
uydu sistemi	405
uygarlık tarihi	252
uygulama	138
uygulama yazılımı	120
uyku seti	190
uyku tulumu	457
uyum	638
uyum af	63
uyum kulaklık	251
uyum motor	77
uyum motor tipi	228
uzak doğu sporu	183
uzak kumanda	210
uzak kumanda araç	88
uzatma	86
vajina	155
valiz	59
vana gurubu	107
vanette	86
vantilatör	474
vantuz amblem	74
varis	101
varis çorabı	413
vasıta arazi	4279
vasıta minivan	11196
vasıta motosiklet	1479
vasıta motosiklet elektrik	64
vasıta motosiklet kanuni	186
vasıta motosiklet mondial	288
vasıta otomobil	21192
vasıta otomobil accent	1807
vasıta otomobil accord	176
vasıta otomobil active	137
vasıta otomobil alize	340
vasıta otomobil ambiance	216
vasıta otomobil ambiente	466
vasıta otomobil ambition	78
vasıta otomobil astra	1738
vasıta otomobil attraction	80
vasıta otomobil auris	162
vasıta otomobil authentique	1782
vasıta otomobil avantgarde	724
vasıta otomobil avensis	135
vasıta otomobil bora	323
vasıta otomobil brava	168
vasıta otomobil bravo	99
vasıta otomobil cd	442
vasıta otomobil cerato	177
vasıta otomobil civic	1688
vasıta otomobil collection	424
vasıta otomobil comfortline	975
vasıta otomobil cordoba	100
vasıta otomobil corolla	1778
vasıta otomobil corsa	527
vasıta otomobil coupe	83
vasıta otomobil cruze	126
vasıta otomobil doğan	1852
vasıta otomobil dynamique	173
vasıta otomobil edition	83
vasıta otomobil el	51
vasıta otomobil elantra	203
vasıta otomobil elit	157
vasıta otomobil es	81
vasıta otomobil europa	740
vasıta otomobil excel	85
vasıta otomobil exclusive	115
vasıta otomobil expression	446
vasıta otomobil fabia	246
vasıta otomobil fairway	105
vasıta otomobil favorit	127
vasıta otomobil felicia	182
vasıta otomobil fiesta	1189
vasıta otomobil fire	111
vasıta otomobil forma	60
vasıta otomobil furıo	68
vasıta otomobil golf	336
vasıta otomobil griffe	77
vasıta otomobil highline	251
vasıta otomobil i	236
vasıta otomobil jaguar	53
vasıta otomobil kalos	144
vasıta otomobil kartal	870
vasıta otomobil l	126
vasıta otomobil la	57
vasıta otomobil lacetti	116
vasıta otomobil laureate	61
vasıta otomobil manager	98
vasıta otomobil marea	315
vasıta otomobil megane	946
vasıta otomobil micra	59
vasıta otomobil mondeo	293
vasıta otomobil murat	164
vasıta otomobil palio	189
vasıta otomobil polo	530
vasıta otomobil privilege	186
vasıta otomobil proton	61
vasıta otomobil punto	58
vasıta otomobil şahin	2596
vasıta otomobil scenic	136
vasıta otomobil seda	64
vasıta otomobil sephia	56
vasıta otomobil serçe	145
vasıta otomobil serisi	1048
vasıta otomobil si	126
vasıta otomobil signo	77
vasıta otomobil sonat	64
vasıta otomobil sport	108
vasıta otomobil sportback	77
vasıta otomobil spring	382
vasıta otomobil stilo	61
vasıta otomobil stylance	139
vasıta otomobil style	62
vasıta otomobil swift	181
vasıta otomobil t	266
vasıta otomobil taunus	260
vasıta otomobil tekna	130
vasıta otomobil tempra	795
vasıta otomobil tigra	64
vasıta otomobil titanium	224
vasıta otomobil toledo	77
vasıta otomobil toros	391
vasıta otomobil trend	1121
vasıta otomobil trendy	255
vasıta otomobil xsara	100
vasıta otomobil yaris	215
vasıta otomobil zafira	78
vasıta ticari araç	210
vasıta yedek parça	1176
vazo	1050
ve	4283
ve aksesuar	793
ve aksesuarı	65
ve bere	72
ve çevre birimi	8396
ve delici	113
ve deniz	1676
ve deniz elektronik	309
ve deniz giyim	566
ve deniz kara	1253
ve deniz marine	267
ve derin dondurucu	134
ve garaj ekipman	100
ve konsol oyun	896
ve led monitör	76
ve metal kesme	69
ve navigasyon	87
ve not post	53
ve okul	1728
ve sulama	96
ve temiz	388
ve top	192
ve üstü	293
venedik maskesi	63
veri depolama	226
veri depolama aks	456
veri depolama aksesuarı	67
veri depolama medyası	1556
veri depolama sistem	464
veri yedekleme	1362
veri yedekleme depolama	158
versatil kalem	371
versatil kalem ucu	84
vibratör	302
vida çeşidi	79
vidalama	103
video	746
video çantası	598
video games	5043
video kablo	166
video kablosu	1362
video kamera	1637
video kamera aksesuar	99
video kamera aksesuarı	173
vıera	306
virüs programı	92
virüs yazılımı	83
viski	219
vitamin	393
vitamin ve mineral	125
vitara	123
vitemin power	55
vıtes	126
vites çerçevesi	70
vites körüğü	116
vites topuzu	580
voice recorders	76
voleybol	154
volt	389
votka	234
vucut	101
vücut bakım	145
vücut bakımı	317
vücut çorabı	181
vücut kremi	122
vücut losyonu	449
vücut şampuanı	94
wallets	57
watch	76
watches	4087
webcam	481
webcams	191
western	71
white	249
winnie	72
wired networking	51
wireless	470
woofer	353
workstation aksamı	61
world music	508
xdrive	105
xdsl	145
xenon	52
xenon ampul	94
xenon aydınlatma kiti	61
xenon far kit	2342
xenon far kiti	66
xenon far seti	57
xenon kit	421
xenon ve aydınlatma	253
xenon yedek ampül	437
xenon yedek parça	97
xsara	396
yabancı	12233
yabancı dil	934
yabancı dil gramer	77
yabancı film	4922
yabancı ressam	295
yağ	259
yağ filtresi	497
yağ pompası	51
yağlayıcı	147
yağlı boya	66
yağmur	115
yağmur buğu	124
yağmur ve anorak	100
yakın tarih	326
yakıt	607
yakıt katkısı	200
yakıt nitrolu	146
yakıt tasarruf	103
yakıt ve egzoz	89
yakıt ve yağ	155
yalancı emzik	371
yama	55
yan cam perde	109
yan çita	60
yan harici disk	120
yan hoparlör	65
yan keski	53
yan kulaklık	59
yan soğutma	107
yangın söndürücü	135
yap boz	99
yapay bitki	102
yapay çiçek	75
yapboz ve puzzle	229
yapı gereci	727
yapı kimyasalı	207
yapı market	3861
yapı oyuncağı	66
yapıştırıcı	544
yara	87
yargılaması hukuku	58
yarış	548
yarış oyunu	54
yarışı	236
yaş	1130
yaş boya	146
yaş okuma kitabı	2995
yaş zeka gelişimi	157
yasa mevzuat	96
yaşam	482
yaşam bitkisel	120
yaşam cinsel sağlık	201
yaşam diabet	82
yaşam sağlık cihazı	305
yaşlanma karşıtı bakım	91
yaşlanmaya karşı	72
yastık	238
yatak	1322
yatak odası takımı	69
yatak örtüsü	409
yatay pompa	939
yavru	128
yayın	93
yayıncılık	95
yaylı dosya	67
yaylı müzik aleti	71
yaz	296
yaz deniz	119
yaz tahta	215
yazar biyografisi	117
yazı	63
yazı gereci	977
yazı tahtası kalemi	62
yazıcı	8974
yazıcı aksesuarı	335
yazıcı çeşidi	573
yazıcı destek paketi	265
yazıcı kablosu	58
yazıcı kartuş	878
yazıcı kartuşu	626
yazıcı paylaşım cihazı	126
yazıcı şeridi	189
yazıcı toneri	823
yazılım	8657
yazılım eğitim kitabı	86
yazılım geliştirme	64
yazılım güvencesi	124
yazılım ofis	198
yazılımı	81
yed egzost	138
yed filtre	66
yedek parça	4780
yedekleme	91
yedekleme ünitesi	206
yedekleme yazılımı	229
yelek	290
yellow	99
yem	480
yem içme	110
yemek kitabı	1857
yemek kültürü	80
yemek odası	165
yemek takımı	126
yemek ve tatlı	399
yenebilir pres kemik	53
yeni	208
yeni inci	231
yeni program	112
yer döşemesi	198
yerel ağ la	3085
yerli	32734
yerli dergi	55
yerli film	763
yerli müzik	1038
yerli ressam	543
yeryüzü belgeseli hayvan	94
yeşil	154
yetişkin	341
yetişkin için	605
yetişkin kedi	160
yetişkin kedi konservesi	94
yetkin	72
yıkama aksesuarı	165
yıkama makinası	75
yıkama şampuan	253
yıl	685
yılbaşı süsü	79
yıldız anahtar	175
yıldız gaz armatürü	541
yoga	268
yoga meditasyon	106
yolluk	91
yönetici müdür koltuğu	168
yönetilebilir switch	126
yönetim	110
yönetim ve organizasyon	195
yönetim yaz	60
yönlendirme	56
yorgan	169
yorgan ve yastık	79
yozgat ilan	84
yüksek basınç balast	56
yükseltici	100
yürüteç	484
yürüteç ve bisiklet	53
yürüyüş	93
yuva	146
yüz	63
yüz bakım maskesi	67
yüz bakımı	1038
yüz havlusu	143
yüz temizleme	58
yüzme	151
yüzük	1384
yüzük tektaş	62
zafira	55
zaman	51
zayıflama	303
zayıflama kemeri	85
zeka oyunu	197
zekat	146
zil	110
zil buton otomatik	165
zil butonu	121
zımba tabancası	64
zımba teli	136
zımpara	85
zincir	330
zincirli ağaç kesme	55
ziraat tarım	964
zirkon kolye	57
zirkon taş bileklik	88
zirkon taş set	89
zirkon taş yüzük	154
zirkonyunlu bant zımpara	63
zirve ahşap serisi	95
zonguldak ilan	74
zooloji	226
zorunlu set	127
züccaciye	1829
